{
  "files": [
    {
      "filepath": "/home/circleci/.cache/bazel/_bazel_circleci/e8362d362e14c7d23506d1dfa3aea8b8/execroot/_main/bazel-out/k8-fastbuild/bin/react/player/player_vitest_bench_/player_vitest_bench.runfiles/_main/react/player/src/asset/__tests__/index.bench.tsx",
      "groups": [
        {
          "fullName": "react/player/src/asset/__tests__/index.bench.tsx > ReactAsset benchmarks",
          "benchmarks": [
            {
              "id": "1512050345_0_0",
              "name": "Render asset nested in 1 ReactAssets",
              "rank": 4,
              "rme": 4.993403200806366,
              "samples": [],
              "totalTime": 502.2685770000012,
              "min": 1.3803910000001451,
              "max": 9.710951000000023,
              "hz": 346.4282018980446,
              "period": 2.8866010172413863,
              "mean": 2.8866010172413863,
              "variance": 0.9410309272288452,
              "sd": 0.9700674859146889,
              "sem": 0.07354062632114311,
              "df": 173,
              "critical": 1.96,
              "moe": 0.1441396275894405,
              "p75": 2.860830000000078,
              "p99": 7.931055000000015,
              "p995": 9.710951000000023,
              "p999": 9.710951000000023,
              "sampleCount": 174,
              "median": 2.634014999999863
            },
            {
              "id": "1512050345_0_1",
              "name": "Bubble errors nested in 1 ReactAssets",
              "rank": 2,
              "rme": 11.696063260108325,
              "samples": [],
              "totalTime": 505.7144240000007,
              "min": 1.5536560000000463,
              "max": 17.546445999999833,
              "hz": 421.18632550611153,
              "period": 2.374246122065731,
              "mean": 2.374246122065731,
              "variance": 4.2756126422284675,
              "sd": 2.06775545996824,
              "sem": 0.14168026958544727,
              "df": 212,
              "critical": 1.96,
              "moe": 0.2776933283874766,
              "p75": 2.0743219999999383,
              "p99": 13.286551000000145,
              "p995": 15.275019000000157,
              "p999": 17.546445999999833,
              "sampleCount": 213,
              "median": 1.8955850000002101
            },
            {
              "id": "1512050345_0_2",
              "name": "Render asset nested in 5 ReactAssets",
              "rank": 6,
              "rme": 6.5510899637634985,
              "samples": [],
              "totalTime": 501.8874550000014,
              "min": 1.550984000000426,
              "max": 9.290674000000308,
              "hz": 298.87178590666224,
              "period": 3.345916366666676,
              "mean": 3.345916366666676,
              "variance": 1.8760154292009672,
              "sd": 1.3696771258953575,
              "sem": 0.1118336690268474,
              "df": 149,
              "critical": 1.96,
              "moe": 0.2191939912926209,
              "p75": 3.5732920000000377,
              "p99": 8.596922000000177,
              "p995": 9.290674000000308,
              "p999": 9.290674000000308,
              "sampleCount": 150,
              "median": 2.7670929999999316
            },
            {
              "id": "1512050345_0_3",
              "name": "Bubble errors nested in 5 ReactAssets",
              "rank": 1,
              "rme": 12.408136679494962,
              "samples": [],
              "totalTime": 516.4557969999969,
              "min": 1.0776850000002014,
              "max": 20.647180999999364,
              "hz": 424.0440348857219,
              "period": 2.3582456484018124,
              "mean": 2.3582456484018124,
              "variance": 4.881161678503185,
              "sd": 2.2093351213664225,
              "sem": 0.14929303229180566,
              "df": 218,
              "critical": 1.96,
              "moe": 0.2926143432919391,
              "p75": 2.1303079999997863,
              "p99": 12.771356000000196,
              "p995": 17.581952999999885,
              "p999": 20.647180999999364,
              "sampleCount": 219,
              "median": 1.9197990000002392
            },
            {
              "id": "1512050345_0_4",
              "name": "Render asset nested in 10 ReactAssets",
              "rank": 5,
              "rme": 7.709911127265448,
              "samples": [],
              "totalTime": 501.34578299999794,
              "min": 1.63263200000074,
              "max": 13.586325999999644,
              "hz": 323.13027354216456,
              "period": 3.0947270555555426,
              "mean": 3.0947270555555426,
              "variance": 2.4007465817936287,
              "sd": 1.5494342779845902,
              "sem": 0.12173505388508732,
              "df": 161,
              "critical": 1.96,
              "moe": 0.23860070561477115,
              "p75": 2.8360819999998057,
              "p99": 12.085428999999749,
              "p995": 13.586325999999644,
              "p999": 13.586325999999644,
              "sampleCount": 162,
              "median": 2.5966644999998607
            },
            {
              "id": "1512050345_0_5",
              "name": "Bubble errors nested in 10 ReactAssets",
              "rank": 3,
              "rme": 14.879947415693625,
              "samples": [],
              "totalTime": 501.01193299998977,
              "min": 1.2870749999992768,
              "max": 18.79892700000073,
              "hz": 355.28095894674755,
              "period": 2.814673780898819,
              "mean": 2.814673780898819,
              "variance": 8.127683581119465,
              "sd": 2.8509092551534265,
              "sem": 0.2136846829189081,
              "df": 177,
              "critical": 1.96,
              "moe": 0.4188219785210599,
              "p75": 2.2602429999997184,
              "p99": 17.76204299999972,
              "p995": 18.79892700000073,
              "p999": 18.79892700000073,
              "sampleCount": 178,
              "median": 2.104368499999964
            },
            {
              "id": "1512050345_0_6",
              "name": "Render asset nested in 50 ReactAssets",
              "rank": 7,
              "rme": 7.705312999377721,
              "samples": [],
              "totalTime": 502.3105820000037,
              "min": 2.1421289999998407,
              "max": 13.342835999999807,
              "hz": 262.7856245321924,
              "period": 3.805383196969725,
              "mean": 3.805383196969725,
              "variance": 2.954194946123919,
              "sd": 1.7187771659304527,
              "sem": 0.14960035007767536,
              "df": 131,
              "critical": 1.96,
              "moe": 0.2932166861522437,
              "p75": 3.642385999999533,
              "p99": 13.125962000000072,
              "p995": 13.342835999999807,
              "p999": 13.342835999999807,
              "sampleCount": 132,
              "median": 3.3069934999998623
            },
            {
              "id": "1512050345_0_7",
              "name": "Bubble errors nested in 50 ReactAssets",
              "rank": 9,
              "rme": 13.665579306088974,
              "samples": [],
              "totalTime": 795.3939450000007,
              "min": 3.8185419999999795,
              "max": 40.356307999999444,
              "hz": 125.72386378928232,
              "period": 7.953939450000007,
              "mean": 7.953939450000007,
              "variance": 30.005853883185853,
              "sd": 5.477759932964008,
              "sem": 0.5477759932964008,
              "df": 99,
              "critical": 1.9843,
              "moe": 1.0869519034980482,
              "p75": 7.205900999999358,
              "p99": 23.899303000000145,
              "p995": 40.356307999999444,
              "p999": 40.356307999999444,
              "sampleCount": 100,