{
  "files": [
    {
      "filepath": "/home/circleci/.cache/bazel/_bazel_circleci/e8362d362e14c7d23506d1dfa3aea8b8/execroot/_main/bazel-out/k8-fastbuild/bin/react/player/player_vitest_bench_/player_vitest_bench.runfiles/_main/react/player/src/asset/__tests__/index.bench.tsx",
      "groups": [
        {
          "fullName": "react/player/src/asset/__tests__/index.bench.tsx > ReactAsset benchmarks",
          "benchmarks": [
            {
              "id": "1512050345_0_0",
              "name": "Render asset nested in 1 ReactAssets",
              "rank": 6,
              "rme": 1.4437781078403422,
              "samples": [],
              "totalTime": 500.7406539999986,
              "min": 0.7793050000000221,
              "max": 3.348500000000058,
              "hz": 531.2131097707932,
              "period": 1.88248366165413,
              "mean": 1.88248366165413,
              "variance": 0.05114849148302843,
              "sd": 0.22616032252149895,
              "sem": 0.013866779076853871,
              "df": 265,
              "critical": 1.96,
              "moe": 0.02717888699063359,
              "p75": 1.9445620000001327,
              "p99": 2.9145679999999174,
              "p995": 3.299447999999984,
              "p999": 3.348500000000058,
              "sampleCount": 266,
              "median": 1.8589210000000094
            },
            {
              "id": "1512050345_0_1",
              "name": "Bubble errors nested in 1 ReactAssets",
              "rank": 3,
              "rme": 6.537571870385431,
              "samples": [],
              "totalTime": 500.0622560000047,
              "min": 1.0679049999998824,
              "max": 8.134705000000395,
              "hz": 701.9126034579116,
              "period": 1.4246787920228055,
              "mean": 1.4246787920228055,
              "variance": 0.7926141935470509,
              "sd": 0.8902888259138441,
              "sem": 0.047520102015627494,
              "df": 350,
              "critical": 1.96,
              "moe": 0.09313939995062989,
              "p75": 1.3509229999999661,
              "p99": 6.893264000000272,
              "p995": 7.25195100000019,
              "p999": 8.134705000000395,
              "sampleCount": 351,
              "median": 1.2646660000000338
            },
            {
              "id": "1512050345_0_2",
              "name": "Render asset nested in 5 ReactAssets",
              "rank": 5,
              "rme": 1.3477337189892369,
              "samples": [],
              "totalTime": 501.41647000000467,
              "min": 0.5765639999999621,
              "max": 2.9780629999995654,
              "hz": 566.3954357143422,
              "period": 1.7655509507042417,
              "mean": 1.7655509507042417,
              "variance": 0.041857655153570504,
              "sd": 0.20459143470236116,
              "sem": 0.012140268106416382,
              "df": 283,
              "critical": 1.96,
              "moe": 0.023794925488576108,
              "p75": 1.8509699999999611,
              "p99": 2.3875339999999596,
              "p995": 2.4342139999998835,
              "p999": 2.9780629999995654,
              "sampleCount": 284,
              "median": 1.733080500000142
            },
            {
              "id": "1512050345_0_3",
              "name": "Bubble errors nested in 5 ReactAssets",
              "rank": 1,
              "rme": 8.412741370174484,
              "samples": [],
              "totalTime": 500.4271640000011,
              "min": 0.7405880000001162,
              "max": 16.06121800000028,
              "hz": 767.3444361625404,
              "period": 1.3031957395833362,
              "mean": 1.3031957395833362,
              "variance": 1.2014714634590262,
              "sd": 1.0961165373531347,
              "sem": 0.05593596281544829,
              "df": 383,
              "critical": 1.96,
              "moe": 0.10963448711827865,
              "p75": 1.2196100000001024,
              "p99": 6.332350000000133,
              "p995": 6.99272400000018,
              "p999": 16.06121800000028,
              "sampleCount": 384,
              "median": 1.1765255000000252
            },
            {
              "id": "1512050345_0_4",
              "name": "Render asset nested in 10 ReactAssets",
              "rank": 4,
              "rme": 1.9430954814301002,
              "samples": [],
              "totalTime": 500.4533580000061,
              "min": 0.6536409999998796,
              "max": 3.9623830000000453,
              "hz": 593.4618986011407,
              "period": 1.6850281414141621,
              "mean": 1.6850281414141621,
              "variance": 0.08287945890070547,
              "sd": 0.287887927674478,
              "sem": 0.01670495187583887,
              "df": 296,
              "critical": 1.96,
              "moe": 0.03274170567664418,
              "p75": 1.7288879999996425,
              "p99": 3.519612000000052,
              "p995": 3.662598999999318,
              "p999": 3.9623830000000453,
              "sampleCount": 297,
              "median": 1.6261340000000928
            },
            {
              "id": "1512050345_0_5",
              "name": "Bubble errors nested in 10 ReactAssets",
              "rank": 2,
              "rme": 6.565539658223327,
              "samples": [],
              "totalTime": 500.8180190000003,
              "min": 0.898511000000326,
              "max": 6.4489889999995285,
              "hz": 708.8403103163902,
              "period": 1.4107549830985924,
              "mean": 1.4107549830985924,
              "variance": 0.7927938166281909,
              "sd": 0.8903896993048555,
              "sem": 0.04725697851821422,
              "df": 354,
              "critical": 1.96,
              "moe": 0.09262367789569986,
              "p75": 1.4689530000005107,
              "p99": 5.948239999999714,
              "p995": 6.225476999999955,
              "p999": 6.4489889999995285,
              "sampleCount": 355,
              "median": 1.2331770000000688
            },
            {
              "id": "1512050345_0_6",
              "name": "Render asset nested in 50 ReactAssets",
              "rank": 7,
              "rme": 1.980787220311694,
              "samples": [],
              "totalTime": 501.4293069999976,
              "min": 0.9097060000003694,
              "max": 3.770527000000584,
              "hz": 478.6317765028464,
              "period": 2.089288779166657,
              "mean": 2.089288779166657,
              "variance": 0.10699702274925028,
              "sd": 0.32710399378370525,
              "sem": 0.021114472006703747,
              "df": 239,
              "critical": 1.96,
              "moe": 0.041384365133139346,
              "p75": 2.133452000000034,
              "p99": 3.413137000000461,
              "p995": 3.7622989999999845,
              "p999": 3.770527000000584,
              "sampleCount": 240,
              "median": 1.964435500000036
            },
            {
              "id": "1512050345_0_7",
              "name": "Bubble errors nested in 50 ReactAssets",
              "rank": 9,
              "rme": 8.2970449963007,
              "samples": [],
              "totalTime": 505.70342200000414,
              "min": 2.837402000000111,
              "max": 10.791699000000335,
              "hz": 217.51879701537615,
              "period": 4.597303836363674,
              "mean": 4.597303836363674,
              "variance": 4.0733436093651925,
              "sd": 2.018252612872133,
              "sem": 0.1924328362020746,
              "df": 109,
              "critical": 1.9822,
              "moe": 0.3814403679197523,
              "p75": 4.455445000000509,
              "p99": 9.985975999999937,
              "p995": 10.791699000000335,
              "p999": 10.791699000000335,
              "sampleCount": 110,