{
  "files": [
    {
      "filepath": "/home/circleci/.cache/bazel/_bazel_circleci/e8362d362e14c7d23506d1dfa3aea8b8/execroot/_main/bazel-out/k8-fastbuild/bin/react/player/player_vitest_bench_/player_vitest_bench.runfiles/_main/react/player/src/asset/__tests__/index.bench.tsx",
      "groups": [
        {
          "fullName": "react/player/src/asset/__tests__/index.bench.tsx > ReactAsset benchmarks",
          "benchmarks": [
            {
              "id": "1512050345_0_0",
              "name": "Render asset nested in 1 ReactAssets",
              "rank": 6,
              "rme": 0.5736005336898985,
              "samples": [],
              "totalTime": 501.0071099999948,
              "min": 1.3616700000000037,
              "max": 2.5938690000000406,
              "hz": 626.7376125660238,
              "period": 1.5955640445859707,
              "mean": 1.5955640445859707,
              "variance": 0.006846444327731266,
              "sd": 0.08274324339625119,
              "sem": 0.004669471364851662,
              "df": 313,
              "critical": 1.96,
              "moe": 0.009152163875109257,
              "p75": 1.6001599999999598,
              "p99": 1.8296660000000884,
              "p995": 2.035960000000159,
              "p999": 2.5938690000000406,
              "sampleCount": 314,
              "median": 1.581301499999995
            },
            {
              "id": "1512050345_0_1",
              "name": "Bubble errors nested in 1 ReactAssets",
              "rank": 1,
              "rme": 5.921758858114728,
              "samples": [],
              "totalTime": 500.50079900000173,
              "min": 0.6428329999998823,
              "max": 8.455703999999969,
              "hz": 1178.8192969498095,
              "period": 0.8483064389830538,
              "mean": 0.8483064389830538,
              "variance": 0.3875670369057561,
              "sd": 0.6225488229093009,
              "sem": 0.025629929435937043,
              "df": 589,
              "critical": 1.96,
              "moe": 0.050234661694436605,
              "p75": 0.7967340000000149,
              "p99": 4.622712000000092,
              "p995": 5.016232000000173,
              "p999": 8.455703999999969,
              "sampleCount": 590,
              "median": 0.7588064999999915
            },
            {
              "id": "1512050345_0_2",
              "name": "Render asset nested in 5 ReactAssets",
              "rank": 5,
              "rme": 1.9731117522376977,
              "samples": [],
              "totalTime": 500.699748,
              "min": 0.464462999999796,
              "max": 4.202811000000111,
              "hz": 631.1167546263674,
              "period": 1.5844928734177215,
              "mean": 1.5844928734177215,
              "variance": 0.08040052543512628,
              "sd": 0.2835498641070496,
              "sem": 0.015950926070802986,
              "df": 315,
              "critical": 1.96,
              "moe": 0.03126381509877385,
              "p75": 1.6084540000001653,
              "p99": 2.9989259999997557,
              "p995": 3.6465800000000854,
              "p999": 4.202811000000111,
              "sampleCount": 316,
              "median": 1.5392515000000913
            },
            {
              "id": "1512050345_0_3",
              "name": "Bubble errors nested in 5 ReactAssets",
              "rank": 2,
              "rme": 5.441594192244045,
              "samples": [],
              "totalTime": 500.11635399999886,
              "min": 0.7177620000002207,
              "max": 5.120398999999907,
              "hz": 1143.7338439846367,
              "period": 0.8743292902097882,
              "mean": 0.8743292902097882,
              "variance": 0.3370437230096262,
              "sd": 0.5805546684074,
              "sem": 0.024274210141400212,
              "df": 571,
              "critical": 1.96,
              "moe": 0.04757745187714441,
              "p75": 0.7793039999996836,
              "p99": 4.173451000000114,
              "p995": 4.360979999999927,
              "p999": 5.120398999999907,
              "sampleCount": 572,
              "median": 0.7630245000000286
            },
            {
              "id": "1512050345_0_4",
              "name": "Render asset nested in 10 ReactAssets",
              "rank": 4,
              "rme": 1.643495722413459,
              "samples": [],
              "totalTime": 500.3156110000018,
              "min": 1.449098000000049,
              "max": 3.220527999999831,
              "hz": 639.5962727615126,
              "period": 1.5634862843750057,
              "mean": 1.5634862843750057,
              "variance": 0.05500005746641637,
              "sd": 0.23452091050995083,
              "sem": 0.013110117451134872,
              "df": 319,
              "critical": 1.96,
              "moe": 0.02569583020422435,
              "p75": 1.5420549999998912,
              "p99": 3.030890999999883,
              "p995": 3.085715000000164,
              "p999": 3.220527999999831,
              "sampleCount": 320,
              "median": 1.506056499999886
            },
            {
              "id": "1512050345_0_5",
              "name": "Bubble errors nested in 10 ReactAssets",
              "rank": 3,
              "rme": 5.828918662107051,
              "samples": [],
              "totalTime": 500.2185580000032,
              "min": 0.8876589999999851,
              "max": 5.371237999999721,
              "hz": 925.5954074378765,
              "period": 1.0803856544276527,
              "mean": 1.0803856544276527,
              "variance": 0.47797200039075016,
              "sd": 0.6913551911938972,
              "sem": 0.03213000052737798,
              "df": 462,
              "critical": 1.96,
              "moe": 0.06297480103366083,
              "p75": 0.9534029999995255,
              "p99": 4.657890999999836,
              "p995": 4.7274170000000595,
              "p999": 5.371237999999721,
              "sampleCount": 463,
              "median": 0.9326549999996132
            },
            {
              "id": "1512050345_0_6",
              "name": "Render asset nested in 50 ReactAssets",
              "rank": 7,
              "rme": 1.6179309222127969,
              "samples": [],
              "totalTime": 500.3312979999964,
              "min": 1.8155720000004294,
              "max": 3.225691999999981,
              "hz": 507.6636241133207,
              "period": 1.9698082598425055,
              "mean": 1.9698082598425055,
              "variance": 0.0671567132776449,
              "sd": 0.25914612340848336,
              "sem": 0.016260273951170252,
              "df": 253,
              "critical": 1.96,
              "moe": 0.03187013694429369,
              "p75": 1.9242899999999281,
              "p99": 3.189781999999468,
              "p995": 3.1996780000008584,
              "p999": 3.225691999999981,
              "sampleCount": 254,
              "median": 1.8933504999999968
            },
            {
              "id": "1512050345_0_7",
              "name": "Bubble errors nested in 50 ReactAssets",
              "rank": 9,
              "rme": 7.4098665853451156,
              "samples": [],
              "totalTime": 503.2199179999998,
              "min": 2.777606999999989,
              "max": 12.391246999999566,
              "hz": 278.20838363556203,
              "period": 3.594427985714284,
              "mean": 3.594427985714284,
              "variance": 2.5852124813986297,
              "sd": 1.6078595962952207,
              "sem": 0.13588893788149808,
              "df": 139,
              "critical": 1.96,
              "moe": 0.26634231824773624,
              "p75": 3.1751789999998437,
              "p99": 8.941213000000062,
              "p995": 12.391246999999566,
              "p999": 12.391246999999566,
              "sampleCount": 140,