{
  "files": [
    {
      "filepath": "/home/circleci/.cache/bazel/_bazel_circleci/e8362d362e14c7d23506d1dfa3aea8b8/execroot/_main/bazel-out/k8-fastbuild/bin/react/player/player_vitest_bench_/player_vitest_bench.runfiles/_main/react/player/src/asset/__tests__/index.bench.tsx",
      "groups": [
        {
          "fullName": "react/player/src/asset/__tests__/index.bench.tsx > ReactAsset benchmarks",
          "benchmarks": [
            {
              "id": "1512050345_0_0",
              "name": "Render asset nested in 1 ReactAssets",
              "rank": 6,
              "rme": 1.115904108892875,
              "samples": [],
              "totalTime": 501.3064449999988,
              "min": 1.2595440000000053,
              "max": 2.2281889999999294,
              "hz": 518.6448380890068,
              "period": 1.9281017115384569,
              "mean": 1.9281017115384569,
              "variance": 0.03133104201345093,
              "sd": 0.1770057683055864,
              "sem": 0.010977431746271167,
              "df": 259,
              "critical": 1.96,
              "moe": 0.02151576622269149,
              "p75": 2.079823999999917,
              "p99": 2.2067289999999957,
              "p995": 2.215949000000137,
              "p999": 2.2281889999999294,
              "sampleCount": 260,
              "median": 1.9359854999999015
            },
            {
              "id": "1512050345_0_1",
              "name": "Bubble errors nested in 1 ReactAssets",
              "rank": 1,
              "rme": 4.6182540649545,
              "samples": [],
              "totalTime": 500.1503800000007,
              "min": 0.6224420000003192,
              "max": 4.63989400000014,
              "hz": 1229.6301764281357,
              "period": 0.8132526504065053,
              "mean": 0.8132526504065053,
              "variance": 0.22582373705112285,
              "sd": 0.47520915084952103,
              "sem": 0.01916228244170849,
              "df": 614,
              "critical": 1.96,
              "moe": 0.037558073585748634,
              "p75": 0.793233999999984,
              "p99": 4.015560999999934,
              "p995": 4.279543999999987,
              "p999": 4.63989400000014,
              "sampleCount": 615,
              "median": 0.7381219999997484
            },
            {
              "id": "1512050345_0_2",
              "name": "Render asset nested in 5 ReactAssets",
              "rank": 4,
              "rme": 1.936364503994346,
              "samples": [],
              "totalTime": 500.03792400000066,
              "min": 0.49651200000016615,
              "max": 3.789125999999669,
              "hz": 541.958893501845,
              "period": 1.8451583911439138,
              "mean": 1.8451583911439138,
              "variance": 0.09005310237404085,
              "sd": 0.3000884909056674,
              "sem": 0.01822907761662444,
              "df": 270,
              "critical": 1.96,
              "moe": 0.0357289921285839,
              "p75": 2.0124910000004093,
              "p99": 2.9697190000001683,
              "p995": 3.3196780000002946,
              "p999": 3.789125999999669,
              "sampleCount": 271,
              "median": 1.843377000000146
            },
            {
              "id": "1512050345_0_3",
              "name": "Bubble errors nested in 5 ReactAssets",
              "rank": 2,
              "rme": 4.885302786381073,
              "samples": [],
              "totalTime": 500.48766400000477,
              "min": 0.6965540000001056,
              "max": 5.086042000000361,
              "hz": 1178.8502343586122,
              "period": 0.8482841762711946,
              "mean": 0.8482841762711946,
              "variance": 0.26375795849717454,
              "sd": 0.513573712817522,
              "sem": 0.02114349515296245,
              "df": 589,
              "critical": 1.96,
              "moe": 0.041441250499806404,
              "p75": 0.7773879999999735,
              "p99": 3.835747999999967,
              "p995": 4.125124000000142,
              "p999": 5.086042000000361,
              "sampleCount": 590,
              "median": 0.7600845000001755
            },
            {
              "id": "1512050345_0_4",
              "name": "Render asset nested in 10 ReactAssets",
              "rank": 5,
              "rme": 1.715604562617736,
              "samples": [],
              "totalTime": 500.0812420000011,
              "min": 1.4537839999998141,
              "max": 3.518841000000066,
              "hz": 529.9138974702822,
              "period": 1.8870990264150986,
              "mean": 1.8870990264150986,
              "variance": 0.07230319646136509,
              "sd": 0.26889253701314414,
              "sem": 0.01651793724402669,
              "df": 264,
              "critical": 1.96,
              "moe": 0.03237515699829231,
              "p75": 2.0459860000000845,
              "p99": 3.211124000000382,
              "p995": 3.4027030000002014,
              "p999": 3.518841000000066,
              "sampleCount": 265,
              "median": 1.87452200000007
            },
            {
              "id": "1512050345_0_5",
              "name": "Bubble errors nested in 10 ReactAssets",
              "rank": 3,
              "rme": 5.150584724679949,
              "samples": [],
              "totalTime": 500.43723000000045,
              "min": 0.8459309999998368,
              "max": 4.3227969999998095,
              "hz": 983.1402831479975,
              "period": 1.0171488414634156,
              "mean": 1.0171488414634156,
              "variance": 0.35150786644518545,
              "sd": 0.5928809884329109,
              "sem": 0.026729139212078448,
              "df": 491,
              "critical": 1.96,
              "moe": 0.052389112855673756,
              "p75": 0.9163619999999355,
              "p99": 4.113793999999871,
              "p995": 4.125833000000057,
              "p999": 4.3227969999998095,
              "sampleCount": 492,
              "median": 0.9032920000004196
            },
            {
              "id": "1512050345_0_6",
              "name": "Render asset nested in 50 ReactAssets",
              "rank": 7,
              "rme": 1.8675478428711045,
              "samples": [],
              "totalTime": 501.99828000000525,
              "min": 0.8840719999998328,
              "max": 3.458215000000564,
              "hz": 494.02559705980946,
              "period": 2.024186612903247,
              "mean": 2.024186612903247,
              "variance": 0.09225376673260613,
              "sd": 0.303733051761915,
              "sem": 0.01928706807395932,
              "df": 247,
              "critical": 1.96,
              "moe": 0.03780265342496027,
              "p75": 2.08060100000057,
              "p99": 3.115990000000238,
              "p995": 3.1885140000003958,
              "p999": 3.458215000000564,
              "sampleCount": 248,
              "median": 1.9523095000004105
            },
            {
              "id": "1512050345_0_7",
              "name": "Bubble errors nested in 50 ReactAssets",
              "rank": 9,
              "rme": 6.211577355988671,
              "samples": [],
              "totalTime": 503.2678859999951,
              "min": 2.6836029999994935,
              "max": 7.877682000000277,
              "hz": 298.0520000833144,
              "period": 3.355119239999967,
              "mean": 3.355119239999967,
              "variance": 1.6958944991081026,
              "sd": 1.3022651416313433,
              "sem": 0.10632950356033527,
              "df": 149,
              "critical": 1.96,
              "moe": 0.20840582697825713,
              "p75": 2.8366830000004484,
              "p99": 6.63571999999931,
              "p995": 7.877682000000277,
              "p999": 7.877682000000277,
              "sampleCount": 150,