{
  "files": [
    {
      "filepath": "/home/circleci/.cache/bazel/_bazel_circleci/e8362d362e14c7d23506d1dfa3aea8b8/execroot/_main/bazel-out/k8-fastbuild/bin/react/player/player_vitest_bench_/player_vitest_bench.runfiles/_main/react/player/src/asset/__tests__/index.bench.tsx",
      "groups": [
        {
          "fullName": "react/player/src/asset/__tests__/index.bench.tsx > ReactAsset benchmarks",
          "benchmarks": [
            {
              "id": "1512050345_0_0",
              "name": "Render asset nested in 1 ReactAssets",
              "rank": 4,
              "rme": 0.9937399829854308,
              "samples": [],
              "totalTime": 501.4619540000008,
              "min": 1.0438249999999698,
              "max": 2.306872999999996,
              "hz": 572.3265697640534,
              "period": 1.747254195121954,
              "mean": 1.747254195121954,
              "variance": 0.022523063729343124,
              "sd": 0.15007685940658247,
              "sem": 0.008858756908835272,
              "df": 286,
              "critical": 1.96,
              "moe": 0.01736316354131713,
              "p75": 1.8452930000000833,
              "p99": 2.189625999999862,
              "p995": 2.2620059999999285,
              "p999": 2.306872999999996,
              "sampleCount": 287,
              "median": 1.6948700000000372
            },
            {
              "id": "1512050345_0_1",
              "name": "Bubble errors nested in 1 ReactAssets",
              "rank": 1,
              "rme": 6.284385070429638,
              "samples": [],
              "totalTime": 500.4758549999981,
              "min": 0.7063619999998991,
              "max": 7.361198999999942,
              "hz": 895.148078622098,
              "period": 1.1171336049107101,
              "mean": 1.1171336049107101,
              "variance": 0.5747800423901344,
              "sd": 0.7581424947792693,
              "sem": 0.03581886606314341,
              "df": 447,
              "critical": 1.96,
              "moe": 0.07020497748376109,
              "p75": 1.220452000000023,
              "p99": 5.887482000000091,
              "p995": 6.306706000000304,
              "p999": 7.361198999999942,
              "sampleCount": 448,
              "median": 0.8983279999999922
            },
            {
              "id": "1512050345_0_2",
              "name": "Render asset nested in 5 ReactAssets",
              "rank": 5,
              "rme": 3.430399947250853,
              "samples": [],
              "totalTime": 500.951387000001,
              "min": 0.5169219999997949,
              "max": 5.421126000000186,
              "hz": 564.9250752548559,
              "period": 1.7701462438162578,
              "mean": 1.7701462438162578,
              "variance": 0.27163273255063536,
              "sd": 0.5211839718857779,
              "sem": 0.03098117133374278,
              "df": 282,
              "critical": 1.96,
              "moe": 0.060723095814135854,
              "p75": 1.9011910000003809,
              "p99": 4.975402000000031,
              "p995": 5.348635000000286,
              "p999": 5.421126000000186,
              "sampleCount": 283,
              "median": 1.775021999999808
            },
            {
              "id": "1512050345_0_3",
              "name": "Bubble errors nested in 5 ReactAssets",
              "rank": 2,
              "rme": 6.563776489317615,
              "samples": [],
              "totalTime": 500.70375399999375,
              "min": 0.755580000000009,
              "max": 6.771839,
              "hz": 888.7490785619425,
              "period": 1.125176975280885,
              "mean": 1.125176975280885,
              "variance": 0.6318254411588983,
              "sd": 0.7948744813861484,
              "sem": 0.037680664166684585,
              "df": 444,
              "critical": 1.96,
              "moe": 0.07385410176670179,
              "p75": 1.1743089999999938,
              "p99": 5.6643999999996595,
              "p995": 5.917210999999952,
              "p999": 6.771839,
              "sampleCount": 445,
              "median": 0.9232959999999366
            },
            {
              "id": "1512050345_0_4",
              "name": "Render asset nested in 10 ReactAssets",
              "rank": 6,
              "rme": 2.526400263786296,
              "samples": [],
              "totalTime": 501.23382999999603,
              "min": 0.8170499999996537,
              "max": 5.08678400000008,
              "hz": 536.6756669237632,
              "period": 1.8633227881040744,
              "mean": 1.8633227881040744,
              "variance": 0.15517460337002373,
              "sd": 0.3939220777895341,
              "sem": 0.02401785297645485,
              "df": 268,
              "critical": 1.96,
              "moe": 0.047074991833851505,
              "p75": 1.931597000000238,
              "p99": 4.019741000000067,
              "p995": 4.816632999999456,
              "p999": 5.08678400000008,
              "sampleCount": 269,
              "median": 1.852350999999544
            },
            {
              "id": "1512050345_0_5",
              "name": "Bubble errors nested in 10 ReactAssets",
              "rank": 3,
              "rme": 7.624379218940186,
              "samples": [],
              "totalTime": 500.4231699999973,
              "min": 0.8702990000001591,
              "max": 9.273395000000164,
              "hz": 805.3184268026641,
              "period": 1.2417448387096708,
              "mean": 1.2417448387096708,
              "variance": 0.9403003730995093,
              "sd": 0.9696908647087016,
              "sem": 0.04830374256879718,
              "df": 402,
              "critical": 1.96,
              "moe": 0.09467533543484247,
              "p75": 1.1592460000001665,
              "p99": 5.9612740000002304,
              "p995": 6.458109999999579,
              "p999": 9.273395000000164,
              "sampleCount": 403,
              "median": 0.9789650000002439
            },
            {
              "id": "1512050345_0_6",
              "name": "Render asset nested in 50 ReactAssets",
              "rank": 7,
              "rme": 2.6535351986318476,
              "samples": [],
              "totalTime": 500.30048700000316,
              "min": 1.0948019999996177,
              "max": 4.790630999999848,
              "hz": 389.76576091159944,
              "period": 2.565643523076939,
              "mean": 2.565643523076939,
              "variance": 0.23526905218038163,
              "sd": 0.4850454124928733,
              "sem": 0.034734823447073876,
              "df": 194,
              "critical": 1.96,
              "moe": 0.0680802539562648,
              "p75": 2.808643999999731,
              "p99": 4.749571999999716,
              "p995": 4.790630999999848,
              "p999": 4.790630999999848,
              "sampleCount": 195,
              "median": 2.596031000000039
            },
            {
              "id": "1512050345_0_7",
              "name": "Bubble errors nested in 50 ReactAssets",
              "rank": 9,
              "rme": 8.816492320375193,
              "samples": [],
              "totalTime": 503.04968200000076,
              "min": 2.9499949999999444,
              "max": 11.528387000000293,
              "hz": 208.7268986684298,
              "period": 4.790949352380959,
              "mean": 4.790949352380959,
              "variance": 4.763115339279308,
              "sd": 2.182456262855984,
              "sem": 0.21298592261281377,
              "df": 104,
              "critical": 1.9832,
              "moe": 0.4223936817257323,
              "p75": 5.189320999999836,
              "p99": 10.973508000000038,
              "p995": 11.528387000000293,
              "p999": 11.528387000000293,
              "sampleCount": 105,