{
  "files": [
    {
      "filepath": "/home/circleci/.cache/bazel/_bazel_circleci/e8362d362e14c7d23506d1dfa3aea8b8/execroot/_main/bazel-out/k8-fastbuild/bin/react/player/player_vitest_bench_/player_vitest_bench.runfiles/_main/react/player/src/asset/__tests__/index.bench.tsx",
      "groups": [
        {
          "fullName": "react/player/src/asset/__tests__/index.bench.tsx > ReactAsset benchmarks",
          "benchmarks": [
            {
              "id": "1512050345_0_0",
              "name": "Render asset nested in 1 ReactAssets",
              "rank": 4,
              "rme": 0.8663691565925915,
              "samples": [],
              "totalTime": 500.0977210000033,
              "min": 0.5247420000000602,
              "max": 2.0534580000000915,
              "hz": 623.8780680226255,
              "period": 1.6028773108974463,
              "mean": 1.6028773108974463,
              "variance": 0.015662063465296572,
              "sd": 0.12514816604847462,
              "sem": 0.007085119714100111,
              "df": 311,
              "critical": 1.96,
              "moe": 0.013886834639636216,
              "p75": 1.6274109999999382,
              "p99": 1.8474089999999705,
              "p995": 1.8982359999999971,
              "p999": 2.0534580000000915,
              "sampleCount": 312,
              "median": 1.5894664999999577
            },
            {
              "id": "1512050345_0_1",
              "name": "Bubble errors nested in 1 ReactAssets",
              "rank": 2,
              "rme": 7.577592977504864,
              "samples": [],
              "totalTime": 500.5943760000009,
              "min": 0.6675580000000991,
              "max": 14.083060999999816,
              "hz": 1066.731920296282,
              "period": 0.937442651685395,
              "mean": 0.937442651685395,
              "variance": 0.70142474081535,
              "sd": 0.8375110392199914,
              "sem": 0.036242647215432584,
              "df": 533,
              "critical": 1.96,
              "moe": 0.07103558854224787,
              "p75": 0.8659480000001167,
              "p99": 5.17829299999994,
              "p995": 5.478786000000127,
              "p999": 14.083060999999816,
              "sampleCount": 534,
              "median": 0.7903825000000779
            },
            {
              "id": "1512050345_0_2",
              "name": "Render asset nested in 5 ReactAssets",
              "rank": 5,
              "rme": 2.097441798727669,
              "samples": [],
              "totalTime": 501.8261859999984,
              "min": 0.4633560000002035,
              "max": 4.4005449999999655,
              "hz": 601.8019952430321,
              "period": 1.6616761125827761,
              "mean": 1.6616761125827761,
              "variance": 0.09549208826487345,
              "sd": 0.309017941655292,
              "sem": 0.017781984359583766,
              "df": 301,
              "critical": 1.96,
              "moe": 0.03485268934478418,
              "p75": 1.7577840000003562,
              "p99": 3.2558820000003834,
              "p995": 3.7209250000000793,
              "p999": 4.4005449999999655,
              "sampleCount": 302,
              "median": 1.5709405000002334
            },
            {
              "id": "1512050345_0_3",
              "name": "Bubble errors nested in 5 ReactAssets",
              "rank": 1,
              "rme": 6.652265111084467,
              "samples": [],
              "totalTime": 500.6478020000018,
              "min": 0.7081349999998565,
              "max": 6.337862999999743,
              "hz": 1088.589618935345,
              "period": 0.9186198201834895,
              "mean": 0.9186198201834895,
              "variance": 0.5297794158052495,
              "sd": 0.7278594753146032,
              "sem": 0.031178074388557728,
              "df": 544,
              "critical": 1.96,
              "moe": 0.061109025801573146,
              "p75": 0.8095570000000407,
              "p99": 5.261313999999857,
              "p995": 5.965936000000056,
              "p999": 6.337862999999743,
              "sampleCount": 545,
              "median": 0.7742589999998017
            },
            {
              "id": "1512050345_0_4",
              "name": "Render asset nested in 10 ReactAssets",
              "rank": 6,
              "rme": 3.6024790318088415,
              "samples": [],
              "totalTime": 500.440333000005,
              "min": 0.594829000000118,
              "max": 7.05570200000011,
              "hz": 589.4808642452027,
              "period": 1.6964079084745933,
              "mean": 1.6964079084745933,
              "variance": 0.2867961873120924,
              "sd": 0.5355335538620268,
              "sem": 0.03117996897793069,
              "df": 294,
              "critical": 1.96,
              "moe": 0.061112739196744155,
              "p75": 1.6995200000001205,
              "p99": 4.398325999999997,
              "p995": 5.028807000000143,
              "p999": 7.05570200000011,
              "sampleCount": 295,
              "median": 1.5643839999997908
            },
            {
              "id": "1512050345_0_5",
              "name": "Bubble errors nested in 10 ReactAssets",
              "rank": 3,
              "rme": 6.382260012974703,
              "samples": [],
              "totalTime": 500.51402699999016,
              "min": 0.8737039999996341,
              "max": 6.041440999999395,
              "hz": 811.1660774694093,
              "period": 1.2327931699507146,
              "mean": 1.2327931699507146,
              "variance": 0.6542493754929449,
              "sd": 0.8088568325068071,
              "sem": 0.04014289057573864,
              "df": 405,
              "critical": 1.96,
              "moe": 0.07868006552844772,
              "p75": 1.292301999999836,
              "p99": 5.451697999999851,
              "p995": 5.542921000000206,
              "p999": 6.041440999999395,
              "sampleCount": 406,
              "median": 1.0257440000000315
            },
            {
              "id": "1512050345_0_6",
              "name": "Render asset nested in 50 ReactAssets",
              "rank": 7,
              "rme": 1.7318707262024682,
              "samples": [],
              "totalTime": 501.9936090000074,
              "min": 0.7848110000004453,
              "max": 3.3563490000005913,
              "hz": 511.9587090201306,
              "period": 1.9532825252918575,
              "mean": 1.9532825252918575,
              "variance": 0.07655649695163647,
              "sd": 0.27668844744881643,
              "sem": 0.0172593511507949,
              "df": 256,
              "critical": 1.96,
              "moe": 0.033828328255558,
              "p75": 1.9907830000001923,
              "p99": 3.194104999999581,
              "p995": 3.3452900000002046,
              "p999": 3.3563490000005913,
              "sampleCount": 257,
              "median": 1.8831579999996393
            },
            {
              "id": "1512050345_0_7",
              "name": "Bubble errors nested in 50 ReactAssets",
              "rank": 9,
              "rme": 8.253253500562636,
              "samples": [],
              "totalTime": 502.11645399999543,
              "min": 2.7140440000002855,
              "max": 10.55355899999995,
              "hz": 238.98838415679782,
              "period": 4.184303783333295,
              "mean": 4.184303783333295,
              "variance": 3.6497231090625313,
              "sd": 1.910424850409597,
              "sem": 0.17439713083129482,
              "df": 119,
              "critical": 1.9802,
              "moe": 0.34534119847213,
              "p75": 4.05750800000078,
              "p99": 9.741676000000552,
              "p995": 10.55355899999995,
              "p999": 10.55355899999995,
              "sampleCount": 120,