{
  "files": [
    {
      "filepath": "/home/circleci/.cache/bazel/_bazel_circleci/e8362d362e14c7d23506d1dfa3aea8b8/execroot/_main/bazel-out/k8-fastbuild/bin/react/player/player_vitest_bench_/player_vitest_bench.runfiles/_main/react/player/src/asset/__tests__/index.bench.tsx",
      "groups": [
        {
          "fullName": "react/player/src/asset/__tests__/index.bench.tsx > ReactAsset benchmarks",
          "benchmarks": [
            {
              "id": "1512050345_0_0",
              "name": "Render asset nested in 1 ReactAssets",
              "rank": 6,
              "rme": 1.1584002983999788,
              "samples": [],
              "totalTime": 501.65283700000055,
              "min": 0.5211059999999179,
              "max": 2.7024189999999635,
              "hz": 607.9901826609218,
              "period": 1.6447634000000018,
              "mean": 1.6447634000000018,
              "variance": 0.02882118842354983,
              "sd": 0.16976804299852735,
              "sem": 0.009720889864068194,
              "df": 304,
              "critical": 1.96,
              "moe": 0.019052944133573658,
              "p75": 1.6882309999998597,
              "p99": 1.9492579999998725,
              "p995": 2.675950000000057,
              "p999": 2.7024189999999635,
              "sampleCount": 305,
              "median": 1.620085999999901
            },
            {
              "id": "1512050345_0_1",
              "name": "Bubble errors nested in 1 ReactAssets",
              "rank": 1,
              "rme": 6.043496134639732,
              "samples": [],
              "totalTime": 500.66050299999597,
              "min": 0.6640990000000784,
              "max": 7.067246000000068,
              "hz": 1038.6279662248576,
              "period": 0.9628086596153769,
              "mean": 0.9628086596153769,
              "variance": 0.4582976957688719,
              "sd": 0.6769768797890161,
              "sem": 0.029687400065220367,
              "df": 519,
              "critical": 1.96,
              "moe": 0.058187304127831914,
              "p75": 0.9133059999999205,
              "p99": 5.030033999999887,
              "p995": 5.789348000000018,
              "p999": 7.067246000000068,
              "sampleCount": 520,
              "median": 0.7904605000001084
            },
            {
              "id": "1512050345_0_2",
              "name": "Render asset nested in 5 ReactAssets",
              "rank": 5,
              "rme": 3.2424031316878543,
              "samples": [],
              "totalTime": 500.62109300000293,
              "min": 0.5140569999998661,
              "max": 8.300436999999874,
              "hz": 619.2308001692573,
              "period": 1.6149067516129127,
              "mean": 1.6149067516129127,
              "variance": 0.2212475509135798,
              "sd": 0.4703695896989726,
              "sem": 0.026715197493946775,
              "df": 309,
              "critical": 1.96,
              "moe": 0.05236178708813568,
              "p75": 1.6251200000001518,
              "p99": 3.1716919999998936,
              "p995": 4.29648700000007,
              "p999": 8.300436999999874,
              "sampleCount": 310,
              "median": 1.523533999999927
            },
            {
              "id": "1512050345_0_3",
              "name": "Bubble errors nested in 5 ReactAssets",
              "rank": 2,
              "rme": 8.290778086267107,
              "samples": [],
              "totalTime": 500.6012820000001,
              "min": 0.7224009999999907,
              "max": 16.364501999999902,
              "hz": 1028.7628468358575,
              "period": 0.9720413242718449,
              "mean": 0.9720413242718449,
              "variance": 0.870673095944612,
              "sd": 0.933098652846853,
              "sem": 0.0411172393378524,
              "df": 514,
              "critical": 1.96,
              "moe": 0.0805897891021907,
              "p75": 0.834838000000218,
              "p99": 4.608687999999802,
              "p995": 5.073837999999796,
              "p999": 16.364501999999902,
              "sampleCount": 515,
              "median": 0.7802040000001398
            },
            {
              "id": "1512050345_0_4",
              "name": "Render asset nested in 10 ReactAssets",
              "rank": 4,
              "rme": 2.2389976857877807,
              "samples": [],
              "totalTime": 503.8244830000003,
              "min": 0.4524420000002465,
              "max": 4.046830000000227,
              "hz": 627.2025490273759,
              "period": 1.5943812753164568,
              "mean": 1.5943812753164568,
              "variance": 0.104825417281054,
              "sd": 0.32376753586648244,
              "sem": 0.018213346865800596,
              "df": 315,
              "critical": 1.96,
              "moe": 0.03569815985696917,
              "p75": 1.588137000000188,
              "p99": 3.6649900000002162,
              "p995": 3.965216000000055,
              "p999": 4.046830000000227,
              "sampleCount": 316,
              "median": 1.5256259999998747
            },
            {
              "id": "1512050345_0_5",
              "name": "Bubble errors nested in 10 ReactAssets",
              "rank": 3,
              "rme": 6.3830304099722275,
              "samples": [],
              "totalTime": 500.43021300000237,
              "min": 0.883932000000641,
              "max": 6.073382999999922,
              "hz": 841.2761441324047,
              "period": 1.188670339667464,
              "mean": 1.188670339667464,
              "variance": 0.6308798148977128,
              "sd": 0.7942794312442648,
              "sem": 0.03871081084453796,
              "df": 420,
              "critical": 1.96,
              "moe": 0.0758731892552944,
              "p75": 1.0382549999994808,
              "p99": 4.982458999999835,
              "p995": 5.187318999999661,
              "p999": 6.073382999999922,
              "sampleCount": 421,
              "median": 0.9428049999996801
            },
            {
              "id": "1512050345_0_6",
              "name": "Render asset nested in 50 ReactAssets",
              "rank": 7,
              "rme": 2.2166216910045713,
              "samples": [],
              "totalTime": 500.14504600000146,
              "min": 0.8440490000002683,
              "max": 4.10156200000074,
              "hz": 481.8602162061589,
              "period": 2.0752906473029107,
              "mean": 2.0752906473029107,
              "variance": 0.13275348017429248,
              "sd": 0.3643535098970401,
              "sem": 0.023470072775257908,
              "df": 240,
              "critical": 1.96,
              "moe": 0.0460013426395055,
              "p75": 2.2423479999997653,
              "p99": 3.8095340000008946,
              "p995": 4.0522689999997965,
              "p999": 4.10156200000074,
              "sampleCount": 241,
              "median": 1.9428600000001097
            },
            {
              "id": "1512050345_0_7",
              "name": "Bubble errors nested in 50 ReactAssets",
              "rank": 9,
              "rme": 8.289129908821083,
              "samples": [],
              "totalTime": 500.6822000000029,
              "min": 2.7048150000000533,
              "max": 11.624700999999732,
              "hz": 271.6293888618353,
              "period": 3.681486764705904,
              "mean": 3.681486764705904,
              "variance": 3.296788941080913,
              "sd": 1.8157061824758192,
              "sem": 0.15569552066455447,
              "df": 135,
              "critical": 1.96,
              "moe": 0.30516322050252676,
              "p75": 3.7436450000004697,
              "p99": 11.503787999999986,
              "p995": 11.624700999999732,
              "p999": 11.624700999999732,
              "sampleCount": 136,