{
  "files": [
    {
      "filepath": "/home/circleci/.cache/bazel/_bazel_circleci/e8362d362e14c7d23506d1dfa3aea8b8/execroot/_main/bazel-out/k8-fastbuild/bin/react/player/player_vitest_bench_/player_vitest_bench.runfiles/_main/react/player/src/asset/__tests__/index.bench.tsx",
      "groups": [
        {
          "fullName": "react/player/src/asset/__tests__/index.bench.tsx > ReactAsset benchmarks",
          "benchmarks": [
            {
              "id": "1512050345_0_0",
              "name": "Render asset nested in 1 ReactAssets",
              "rank": 4,
              "rme": 0.9324182930154735,
              "samples": [],
              "totalTime": 500.00866899999914,
              "min": 0.5496439999999438,
              "max": 2.3036050000000614,
              "hz": 603.9895280295641,
              "period": 1.655657844370858,
              "mean": 1.655657844370858,
              "variance": 0.018735166329615086,
              "sd": 0.13687646375332424,
              "sem": 0.007876355413601805,
              "df": 301,
              "critical": 1.96,
              "moe": 0.015437656610659538,
              "p75": 1.6803520000000844,
              "p99": 1.9725770000000011,
              "p995": 2.1086700000000747,
              "p999": 2.3036050000000614,
              "sampleCount": 302,
              "median": 1.6255955000000313
            },
            {
              "id": "1512050345_0_1",
              "name": "Bubble errors nested in 1 ReactAssets",
              "rank": 1,
              "rme": 5.899667610843638,
              "samples": [],
              "totalTime": 500.47971000000507,
              "min": 0.661293999999998,
              "max": 6.1528299999999945,
              "hz": 1086.95715156963,
              "period": 0.919999466911774,
              "mean": 0.919999466911774,
              "variance": 0.4171737722296061,
              "sd": 0.6458899072052497,
              "sem": 0.027692301310881663,
              "df": 543,
              "critical": 1.96,
              "moe": 0.05427691056932806,
              "p75": 0.8695339999999305,
              "p99": 4.919323000000077,
              "p995": 5.533418000000438,
              "p999": 6.1528299999999945,
              "sampleCount": 544,
              "median": 0.7903825000000779
            },
            {
              "id": "1512050345_0_2",
              "name": "Render asset nested in 5 ReactAssets",
              "rank": 6,
              "rme": 2.4493119750206827,
              "samples": [],
              "totalTime": 500.8546170000036,
              "min": 0.49648900000011054,
              "max": 5.33657200000016,
              "hz": 559.044462197696,
              "period": 1.7887664892857271,
              "mean": 1.7887664892857271,
              "variance": 0.13990763029242206,
              "sd": 0.37404228409689466,
              "sem": 0.022353301952669578,
              "df": 279,
              "critical": 1.96,
              "moe": 0.04381247182723237,
              "p75": 1.946636000000126,
              "p99": 3.4152610000001005,
              "p995": 3.8614630000001853,
              "p999": 5.33657200000016,
              "sampleCount": 280,
              "median": 1.7328470000002199
            },
            {
              "id": "1512050345_0_3",
              "name": "Bubble errors nested in 5 ReactAssets",
              "rank": 2,
              "rme": 6.376845854287423,
              "samples": [],
              "totalTime": 500.0893849999993,
              "min": 0.7217639999998937,
              "max": 6.82135500000004,
              "hz": 1011.819117096438,
              "period": 0.9883189426877457,
              "mean": 0.9883189426877457,
              "variance": 0.5231719497971133,
              "sd": 0.7233062627940625,
              "sem": 0.032154885471388166,
              "df": 505,
              "critical": 1.96,
              "moe": 0.06302357552392081,
              "p75": 0.9095739999997932,
              "p99": 5.148108999999749,
              "p995": 5.554551000000174,
              "p999": 6.82135500000004,
              "sampleCount": 506,
              "median": 0.8155755000000227
            },
            {
              "id": "1512050345_0_4",
              "name": "Render asset nested in 10 ReactAssets",
              "rank": 5,
              "rme": 2.3512072223548066,
              "samples": [],
              "totalTime": 501.58998699999756,
              "min": 0.49277200000005905,
              "max": 4.306321999999454,
              "hz": 598.0980637079613,
              "period": 1.6719666233333252,
              "mean": 1.6719666233333252,
              "variance": 0.12068300996014338,
              "sd": 0.34739460266409344,
              "sem": 0.02005683673631374,
              "df": 299,
              "critical": 1.96,
              "moe": 0.03931140000317493,
              "p75": 1.722407999999632,
              "p99": 3.40701799999988,
              "p995": 4.092591999999968,
              "p999": 4.306321999999454,
              "sampleCount": 300,
              "median": 1.589364999999816
            },
            {
              "id": "1512050345_0_5",
              "name": "Bubble errors nested in 10 ReactAssets",
              "rank": 3,
              "rme": 6.613357848640162,
              "samples": [],
              "totalTime": 500.87505800000963,
              "min": 0.882567000000563,
              "max": 6.072449999999662,
              "hz": 786.6233179452757,
              "period": 1.2712564923858112,
              "mean": 1.2712564923858112,
              "variance": 0.7249273630923413,
              "sd": 0.8514266633670461,
              "sem": 0.042894255620175854,
              "df": 393,
              "critical": 1.96,
              "moe": 0.08407274101554467,
              "p75": 1.1845629999997982,
              "p99": 5.70541300000059,
              "p995": 5.79603600000064,
              "p999": 6.072449999999662,
              "sampleCount": 394,
              "median": 1.1019119999996292
            },
            {
              "id": "1512050345_0_6",
              "name": "Render asset nested in 50 ReactAssets",
              "rank": 7,
              "rme": 2.629052902701221,
              "samples": [],
              "totalTime": 501.1790620000056,
              "min": 1.0389130000003206,
              "max": 5.649658000000272,
              "hz": 430.98368702401535,
              "period": 2.3202734351852112,
              "mean": 2.3202734351852112,
              "variance": 0.20922741746744924,
              "sd": 0.4574138361128238,
              "sem": 0.031123069437929654,
              "df": 215,
              "critical": 1.96,
              "moe": 0.06100121609834212,
              "p75": 2.5043320000004314,
              "p99": 4.177114000000074,
              "p995": 4.547475000000304,
              "p999": 5.649658000000272,
              "sampleCount": 216,
              "median": 2.1839245000005576
            },
            {
              "id": "1512050345_0_7",
              "name": "Bubble errors nested in 50 ReactAssets",
              "rank": 9,
              "rme": 10.099698739201223,
              "samples": [],
              "totalTime": 501.6344790000012,
              "min": 2.8571350000001985,
              "max": 19.9390370000001,
              "hz": 255.16587347657116,
              "period": 3.9190193671875093,
              "mean": 3.9190193671875093,
              "variance": 5.219987769111024,
              "sd": 2.2847292551002676,
              "sem": 0.20194344368208605,
              "df": 127,
              "critical": 1.96,
              "moe": 0.3958091496168887,
              "p75": 3.284834000000046,
              "p99": 10.36519700000008,
              "p995": 19.9390370000001,
              "p999": 19.9390370000001,
              "sampleCount": 128,