{
  "files": [
    {
      "filepath": "/home/circleci/.cache/bazel/_bazel_circleci/e8362d362e14c7d23506d1dfa3aea8b8/execroot/_main/bazel-out/k8-fastbuild/bin/react/player/player_vitest_bench_/player_vitest_bench.runfiles/_main/react/player/src/asset/__tests__/index.bench.tsx",
      "groups": [
        {
          "fullName": "react/player/src/asset/__tests__/index.bench.tsx > ReactAsset benchmarks",
          "benchmarks": [
            {
              "id": "1512050345_0_0",
              "name": "Render asset nested in 1 ReactAssets",
              "rank": 6,
              "rme": 0.5559709571298088,
              "samples": [],
              "totalTime": 500.9524519999993,
              "min": 0.4970659999999043,
              "max": 1.866946999999982,
              "hz": 634.7907844954523,
              "period": 1.5753221761006269,
              "mean": 1.5753221761006269,
              "variance": 0.006349769516170684,
              "sd": 0.07968544105525603,
              "sem": 0.004468537643033055,
              "df": 317,
              "critical": 1.96,
              "moe": 0.008758333780344787,
              "p75": 1.583212999999887,
              "p99": 1.788631000000123,
              "p995": 1.8341510000000198,
              "p999": 1.866946999999982,
              "sampleCount": 318,
              "median": 1.5665129999999863
            },
            {
              "id": "1512050345_0_1",
              "name": "Bubble errors nested in 1 ReactAssets",
              "rank": 1,
              "rme": 5.477932773971084,
              "samples": [],
              "totalTime": 500.145829999997,
              "min": 0.6543599999999969,
              "max": 6.47797300000002,
              "hz": 1167.6594404476061,
              "period": 0.8564140924657483,
              "mean": 0.8564140924657483,
              "variance": 0.3345813360179289,
              "sd": 0.5784300614749625,
              "sem": 0.02393560625106543,
              "df": 583,
              "critical": 1.96,
              "moe": 0.046913788252088244,
              "p75": 0.8106149999998706,
              "p99": 4.322752000000037,
              "p995": 4.969133000000056,
              "p999": 6.47797300000002,
              "sampleCount": 584,
              "median": 0.7732939999999644
            },
            {
              "id": "1512050345_0_2",
              "name": "Render asset nested in 5 ReactAssets",
              "rank": 5,
              "rme": 1.5025030669797932,
              "samples": [],
              "totalTime": 500.59244099999887,
              "min": 1.4772130000001198,
              "max": 3.768993000000137,
              "hz": 645.2354721033447,
              "period": 1.5498217987616063,
              "mean": 1.5498217987616063,
              "variance": 0.04559158010532624,
              "sd": 0.2135218492457534,
              "sem": 0.011880673499548232,
              "df": 322,
              "critical": 1.96,
              "moe": 0.023286120059114533,
              "p75": 1.5300270000002456,
              "p99": 2.810436000000209,
              "p995": 3.2771160000002055,
              "p999": 3.768993000000137,
              "sampleCount": 323,
              "median": 1.5098839999996017
            },
            {
              "id": "1512050345_0_3",
              "name": "Bubble errors nested in 5 ReactAssets",
              "rank": 2,
              "rme": 5.0743157351350305,
              "samples": [],
              "totalTime": 500.34140400000797,
              "min": 0.7202700000002551,
              "max": 4.917294000000311,
              "hz": 1157.2098478581852,
              "period": 0.8641475025906873,
              "mean": 0.8641475025906873,
              "variance": 0.28979918002236715,
              "sd": 0.5383299917544695,
              "sem": 0.022372230968742676,
              "df": 578,
              "critical": 1.96,
              "moe": 0.04384957269873564,
              "p75": 0.7868240000002515,
              "p99": 4.107178999999633,
              "p995": 4.160601000000042,
              "p999": 4.917294000000311,
              "sampleCount": 579,
              "median": 0.7715119999998024
            },
            {
              "id": "1512050345_0_4",
              "name": "Render asset nested in 10 ReactAssets",
              "rank": 4,
              "rme": 3.4939000083138856,
              "samples": [],
              "totalTime": 501.3797290000002,
              "min": 0.4155609999997978,
              "max": 9.34696299999996,
              "hz": 648.2112881751546,
              "period": 1.542706858461539,
              "mean": 1.542706858461539,
              "variance": 0.2457870416804623,
              "sd": 0.4957691415169588,
              "sem": 0.02750032400818704,
              "df": 324,
              "critical": 1.96,
              "moe": 0.0539006350560466,
              "p75": 1.4997150000003785,
              "p99": 3.1250130000003082,
              "p995": 3.448272999999972,
              "p999": 9.34696299999996,
              "sampleCount": 325,
              "median": 1.48399500000005
            },
            {
              "id": "1512050345_0_5",
              "name": "Bubble errors nested in 10 ReactAssets",
              "rank": 3,
              "rme": 5.733616136186588,
              "samples": [],
              "totalTime": 504.14777400000366,
              "min": 0.8855020000000877,
              "max": 4.667642999999771,
              "hz": 942.1840668486152,
              "period": 1.0613637347368499,
              "mean": 1.0613637347368499,
              "variance": 0.45789635137802664,
              "sd": 0.6766803908626484,
              "sem": 0.03104822569311461,
              "df": 474,
              "critical": 1.96,
              "moe": 0.06085452235850464,
              "p75": 0.9322590000001583,
              "p99": 4.48948399999972,
              "p995": 4.570969000000332,
              "p999": 4.667642999999771,
              "sampleCount": 475,
              "median": 0.9224020000001474
            },
            {
              "id": "1512050345_0_6",
              "name": "Render asset nested in 50 ReactAssets",
              "rank": 7,
              "rme": 1.6779143164155086,
              "samples": [],
              "totalTime": 500.65492400000676,
              "min": 0.7893859999994675,
              "max": 3.2210519999998724,
              "hz": 531.3040724233373,
              "period": 1.882161368421078,
              "mean": 1.882161368421078,
              "variance": 0.06905939407393352,
              "sd": 0.2627915411004196,
              "sem": 0.01611278319325475,
              "df": 265,
              "critical": 1.96,
              "moe": 0.03158105505877931,
              "p75": 1.8514149999991787,
              "p99": 3.1949420000000828,
              "p995": 3.2065550000006624,
              "p999": 3.2210519999998724,
              "sampleCount": 266,
              "median": 1.8410610000000815
            },
            {
              "id": "1512050345_0_7",
              "name": "Bubble errors nested in 50 ReactAssets",
              "rank": 9,
              "rme": 8.406035095883865,
              "samples": [],
              "totalTime": 510.2168000000038,
              "min": 2.761131000000205,
              "max": 11.655949999999393,
              "hz": 270.4732576426315,
              "period": 3.6972231884058244,
              "mean": 3.6972231884058244,
              "variance": 3.4697699210466935,
              "sd": 1.8627318435691953,
              "sem": 0.15856626468905613,
              "df": 137,
              "critical": 1.96,
              "moe": 0.31078987879055003,
              "p75": 3.703772000000754,
              "p99": 11.56834600000002,
              "p995": 11.655949999999393,
              "p999": 11.655949999999393,
              "sampleCount": 138,