{
  "files": [
    {
      "filepath": "/home/circleci/.cache/bazel/_bazel_circleci/e8362d362e14c7d23506d1dfa3aea8b8/execroot/_main/bazel-out/k8-fastbuild/bin/react/player/player_vitest_bench_/player_vitest_bench.runfiles/_main/react/player/src/asset/__tests__/index.bench.tsx",
      "groups": [
        {
          "fullName": "react/player/src/asset/__tests__/index.bench.tsx > ReactAsset benchmarks",
          "benchmarks": [
            {
              "id": "1512050345_0_0",
              "name": "Render asset nested in 1 ReactAssets",
              "rank": 4,
              "rme": 1.1699671907832099,
              "samples": [],
              "totalTime": 500.1655190000006,
              "min": 0.5251299999999901,
              "max": 3.009162999999944,
              "hz": 567.8120326403381,
              "period": 1.761146193661974,
              "mean": 1.761146193661974,
              "variance": 0.03138660778722107,
              "sd": 0.17716265912212165,
              "sem": 0.010512669718149195,
              "df": 283,
              "critical": 1.96,
              "moe": 0.020604832647572423,
              "p75": 1.8667450000000372,
              "p99": 2.0232059999998455,
              "p995": 2.129304999999931,
              "p999": 3.009162999999944,
              "sampleCount": 284,
              "median": 1.8147455000000718
            },
            {
              "id": "1512050345_0_1",
              "name": "Bubble errors nested in 1 ReactAssets",
              "rank": 1,
              "rme": 8.061119850679791,
              "samples": [],
              "totalTime": 500.3466880000092,
              "min": 0.6761200000000827,
              "max": 15.053546000000097,
              "hz": 1043.2766170323694,
              "period": 0.9585185593869908,
              "mean": 0.9585185593869908,
              "variance": 0.8112415186135985,
              "sd": 0.9006894684704593,
              "sem": 0.039422107073058515,
              "df": 521,
              "critical": 1.96,
              "moe": 0.07726732986319469,
              "p75": 0.8953220000003057,
              "p99": 5.231780999999955,
              "p995": 5.91661299999987,
              "p999": 15.053546000000097,
              "sampleCount": 522,
              "median": 0.815607
            },
            {
              "id": "1512050345_0_2",
              "name": "Render asset nested in 5 ReactAssets",
              "rank": 5,
              "rme": 2.274064429530553,
              "samples": [],
              "totalTime": 500.94190400000343,
              "min": 0.4788360000002285,
              "max": 4.766754000000219,
              "hz": 566.9320089460874,
              "period": 1.7638799436619839,
              "mean": 1.7638799436619839,
              "variance": 0.11894598078082179,
              "sd": 0.34488546037898116,
              "sem": 0.020465186927775887,
              "df": 283,
              "critical": 1.96,
              "moe": 0.04011176637844074,
              "p75": 1.7987520000001496,
              "p99": 3.940493999999944,
              "p995": 4.327412999999979,
              "p999": 4.766754000000219,
              "sampleCount": 284,
              "median": 1.736372000000074
            },
            {
              "id": "1512050345_0_3",
              "name": "Bubble errors nested in 5 ReactAssets",
              "rank": 2,
              "rme": 6.154414083067097,
              "samples": [],
              "totalTime": 500.02190599999403,
              "min": 0.7392289999997956,
              "max": 7.080985999999939,
              "hz": 937.9589061444152,
              "period": 1.0661447889125673,
              "mean": 1.0661447889125673,
              "variance": 0.525613490608625,
              "sd": 0.7249920624452553,
              "sem": 0.03347702297689848,
              "df": 468,
              "critical": 1.96,
              "moe": 0.06561496503472102,
              "p75": 1.0582730000000993,
              "p99": 5.110372999999981,
              "p995": 5.512381999999889,
              "p999": 7.080985999999939,
              "sampleCount": 469,
              "median": 0.9129010000001472
            },
            {
              "id": "1512050345_0_4",
              "name": "Render asset nested in 10 ReactAssets",
              "rank": 6,
              "rme": 2.741465437838555,
              "samples": [],
              "totalTime": 500.93508899999324,
              "min": 0.5077390000005835,
              "max": 4.72233099999994,
              "hz": 564.9434551788881,
              "period": 1.7700886537102234,
              "mean": 1.7700886537102234,
              "variance": 0.1734721972284756,
              "sd": 0.41649993664882545,
              "sem": 0.024758351357432432,
              "df": 282,
              "critical": 1.96,
              "moe": 0.048526368660567566,
              "p75": 1.847328999999263,
              "p99": 4.231534000000465,
              "p995": 4.598915999999917,
              "p999": 4.72233099999994,
              "sampleCount": 283,
              "median": 1.741399000000456
            },
            {
              "id": "1512050345_0_5",
              "name": "Bubble errors nested in 10 ReactAssets",
              "rank": 3,
              "rme": 6.812355648707297,
              "samples": [],
              "totalTime": 500.7545930000015,
              "min": 0.8785170000001017,
              "max": 6.599871000000348,
              "hz": 712.9240649820638,
              "period": 1.402673929971993,
              "mean": 1.402673929971993,
              "variance": 0.8485240372651321,
              "sd": 0.9211536447656993,
              "sem": 0.04875262076601618,
              "df": 356,
              "critical": 1.96,
              "moe": 0.09555513670139171,
              "p75": 1.5569679999998698,
              "p99": 6.230411000000458,
              "p995": 6.571128000000499,
              "p999": 6.599871000000348,
              "sampleCount": 357,
              "median": 1.1398269999999684
            },
            {
              "id": "1512050345_0_6",
              "name": "Render asset nested in 50 ReactAssets",
              "rank": 7,
              "rme": 2.1655218048236407,
              "samples": [],
              "totalTime": 501.0893419999984,
              "min": 1.4211199999999735,
              "max": 4.079593999999815,
              "hz": 451.01737565992914,
              "period": 2.217209477876099,
              "mean": 2.217209477876099,
              "variance": 0.13562347607649447,
              "sd": 0.3682709275472264,
              "sem": 0.02449701770511394,
              "df": 225,
              "critical": 1.96,
              "moe": 0.04801415470202332,
              "p75": 2.448088000000098,
              "p99": 3.804565999999795,
              "p995": 3.9911100000008446,
              "p999": 4.079593999999815,
              "sampleCount": 226,
              "median": 2.0813944999999876
            },
            {
              "id": "1512050345_0_7",
              "name": "Bubble errors nested in 50 ReactAssets",
              "rank": 9,
              "rme": 8.35314591541782,
              "samples": [],
              "totalTime": 503.2927870000067,
              "min": 2.7159499999997934,
              "max": 9.791619000000537,
              "hz": 254.32512308188177,
              "period": 3.931974898437552,
              "mean": 3.931974898437552,
              "variance": 3.594342317065123,
              "sd": 1.895875079498943,
              "sem": 0.16757326562453592,
              "df": 127,
              "critical": 1.96,
              "moe": 0.3284436006240904,
              "p75": 4.155704000000696,
              "p99": 9.73001000000022,
              "p995": 9.791619000000537,
              "p999": 9.791619000000537,
              "sampleCount": 128,