{
  "files": [
    {
      "filepath": "/home/circleci/.cache/bazel/_bazel_circleci/e8362d362e14c7d23506d1dfa3aea8b8/execroot/_main/bazel-out/k8-fastbuild/bin/react/player/player_vitest_bench_/player_vitest_bench.runfiles/_main/react/player/src/asset/__tests__/index.bench.tsx",
      "groups": [
        {
          "fullName": "react/player/src/asset/__tests__/index.bench.tsx > ReactAsset benchmarks",
          "benchmarks": [
            {
              "id": "1512050345_0_0",
              "name": "Render asset nested in 1 ReactAssets",
              "rank": 5,
              "rme": 1.653425606081705,
              "samples": [],
              "totalTime": 501.4682010000015,
              "min": 0.9363650000000234,
              "max": 3.632278999999926,
              "hz": 464.63564296871397,
              "period": 2.152224038626616,
              "mean": 2.152224038626616,
              "variance": 0.07680474510514632,
              "sd": 0.27713669029045274,
              "sem": 0.018155828242295037,
              "df": 232,
              "critical": 1.96,
              "moe": 0.035585423354898275,
              "p75": 2.211814000000004,
              "p99": 3.158918000000085,
              "p995": 3.4955509999999776,
              "p999": 3.632278999999926,
              "sampleCount": 233,
              "median": 2.1228249999999207
            },
            {
              "id": "1512050345_0_1",
              "name": "Bubble errors nested in 1 ReactAssets",
              "rank": 1,
              "rme": 7.408457013147483,
              "samples": [],
              "totalTime": 500.7626650000002,
              "min": 0.7544969999999012,
              "max": 9.306432000000314,
              "hz": 744.8638368437469,
              "period": 1.3425272520107243,
              "mean": 1.3425272520107243,
              "variance": 0.9605023684094144,
              "sd": 0.9800522273886297,
              "sem": 0.05074518079336974,
              "df": 372,
              "critical": 1.96,
              "moe": 0.09946055435500469,
              "p75": 1.3257129999997233,
              "p99": 7.693706999999904,
              "p995": 8.131743999999799,
              "p999": 9.306432000000314,
              "sampleCount": 373,
              "median": 1.2041760000001887
            },
            {
              "id": "1512050345_0_2",
              "name": "Render asset nested in 5 ReactAssets",
              "rank": 6,
              "rme": 2.2854289569240946,
              "samples": [],
              "totalTime": 500.58173499999975,
              "min": 0.9520550000002004,
              "max": 4.677341999999953,
              "hz": 461.4631015252686,
              "period": 2.1670204978354968,
              "mean": 2.1670204978354968,
              "variance": 0.14748957603356097,
              "sd": 0.38404371630526773,
              "sem": 0.025268221408169957,
              "df": 230,
              "critical": 1.96,
              "moe": 0.04952571396001312,
              "p75": 2.2606299999997646,
              "p99": 4.227803000000222,
              "p995": 4.380483999999797,
              "p999": 4.677341999999953,
              "sampleCount": 231,
              "median": 2.1522009999998772
            },
            {
              "id": "1512050345_0_3",
              "name": "Bubble errors nested in 5 ReactAssets",
              "rank": 2,
              "rme": 8.145463419659608,
              "samples": [],
              "totalTime": 500.6024079999952,
              "min": 0.7989410000000134,
              "max": 15.578104000000167,
              "hz": 679.1817110076771,
              "period": 1.4723600235293977,
              "mean": 1.4723600235293977,
              "variance": 1.2729941392223805,
              "sd": 1.1282704193686814,
              "sem": 0.061189054654223814,
              "df": 339,
              "critical": 1.96,
              "moe": 0.11993054712227867,
              "p75": 1.4723720000001776,
              "p99": 6.722224000000097,
              "p995": 7.703621999999996,
              "p999": 15.578104000000167,
              "sampleCount": 340,
              "median": 1.3228194999999232
            },
            {
              "id": "1512050345_0_4",
              "name": "Render asset nested in 10 ReactAssets",
              "rank": 4,
              "rme": 3.510929783922687,
              "samples": [],
              "totalTime": 501.59717200000705,
              "min": 0.7761979999995674,
              "max": 7.253860000000259,
              "hz": 468.50343885111994,
              "period": 2.13445605106386,
              "mean": 2.13445605106386,
              "variance": 0.34353772991709985,
              "sd": 0.5861209174881066,
              "sem": 0.03823431286813322,
              "df": 234,
              "critical": 1.96,
              "moe": 0.0749392532215411,
              "p75": 2.1915579999995316,
              "p99": 4.944865000000391,
              "p995": 6.282640000000356,
              "p999": 7.253860000000259,
              "sampleCount": 235,
              "median": 2.061782000000676
            },
            {
              "id": "1512050345_0_5",
              "name": "Bubble errors nested in 10 ReactAssets",
              "rank": 3,
              "rme": 8.746669106119638,
              "samples": [],
              "totalTime": 500.22684300000674,
              "min": 0.9639360000001034,
              "max": 16.917921000000206,
              "hz": 563.744237132025,
              "period": 1.7738540531915132,
              "mean": 1.7738540531915132,
              "variance": 1.7670878025669539,
              "sd": 1.3293185481918748,
              "sem": 0.07915976758069035,
              "df": 281,
              "critical": 1.96,
              "moe": 0.1551531444581531,
              "p75": 1.693887999999788,
              "p99": 7.235681999999542,
              "p995": 7.639249999999265,
              "p999": 16.917921000000206,
              "sampleCount": 282,
              "median": 1.59028649999982
            },
            {
              "id": "1512050345_0_6",
              "name": "Render asset nested in 50 ReactAssets",
              "rank": 7,
              "rme": 3.1153098981888383,
              "samples": [],
              "totalTime": 500.75602999999865,
              "min": 1.0591099999992366,
              "max": 7.396795000000566,
              "hz": 379.4262846919697,
              "period": 2.6355580526315716,
              "mean": 2.6355580526315716,
              "variance": 0.333418076436767,
              "sd": 0.5774236542061357,
              "sem": 0.041890714737828745,
              "df": 189,
              "critical": 1.96,
              "moe": 0.08210580088614435,
              "p75": 2.7604229999997187,
              "p99": 4.91537900000003,
              "p995": 7.396795000000566,
              "p999": 7.396795000000566,
              "sampleCount": 190,
              "median": 2.5860434999999597
            },
            {
              "id": "1512050345_0_7",
              "name": "Bubble errors nested in 50 ReactAssets",
              "rank": 9,
              "rme": 9.654972301021312,
              "samples": [],
              "totalTime": 526.1262560000005,
              "min": 3.0094230000004245,
              "max": 18.216873000000305,
              "hz": 190.06844623241898,
              "period": 5.261262560000005,
              "mean": 5.261262560000005,
              "variance": 6.55341016819557,
              "sd": 2.559962923207203,
              "sem": 0.2559962923207203,
              "df": 99,
              "critical": 1.9843,
              "moe": 0.5079734428520053,
              "p75": 4.90169700000024,
              "p99": 12.943973999999798,
              "p995": 18.216873000000305,
              "p999": 18.216873000000305,
              "sampleCount": 100,