{
  "files": [
    {
      "filepath": "/home/circleci/.cache/bazel/_bazel_circleci/e8362d362e14c7d23506d1dfa3aea8b8/execroot/_main/bazel-out/k8-fastbuild/bin/react/player/player_vitest_bench_/player_vitest_bench.runfiles/_main/react/player/src/asset/__tests__/index.bench.tsx",
      "groups": [
        {
          "fullName": "react/player/src/asset/__tests__/index.bench.tsx > ReactAsset benchmarks",
          "benchmarks": [
            {
              "id": "1512050345_0_0",
              "name": "Render asset nested in 1 ReactAssets",
              "rank": 6,
              "rme": 0.5437328639591462,
              "samples": [],
              "totalTime": 500.266011000002,
              "min": 0.5137360000001081,
              "max": 2.2584209999999985,
              "hz": 631.663940886839,
              "period": 1.5831202879746897,
              "mean": 1.5831202879746897,
              "variance": 0.006095003161055738,
              "sd": 0.07807050122200919,
              "sem": 0.004391808817205645,
              "df": 315,
              "critical": 1.96,
              "moe": 0.008607945281723064,
              "p75": 1.5956990000001952,
              "p99": 1.7141030000000228,
              "p995": 1.741894000000002,
              "p999": 2.2584209999999985,
              "sampleCount": 316,
              "median": 1.5800874999999905
            },
            {
              "id": "1512050345_0_1",
              "name": "Bubble errors nested in 1 ReactAssets",
              "rank": 1,
              "rme": 5.8983498157243,
              "samples": [],
              "totalTime": 500.0991179999976,
              "min": 0.6785909999998694,
              "max": 7.1588670000001,
              "hz": 1123.7772268976541,
              "period": 0.8898560818505296,
              "mean": 0.8898560818505296,
              "variance": 0.4030183035930072,
              "sd": 0.6348372260611433,
              "sem": 0.02677899212451132,
              "df": 561,
              "critical": 1.96,
              "moe": 0.05248682456404218,
              "p75": 0.840078999999605,
              "p99": 4.634381999999732,
              "p995": 5.395962000000054,
              "p999": 7.1588670000001,
              "sampleCount": 562,
              "median": 0.7924249999999802
            },
            {
              "id": "1512050345_0_2",
              "name": "Render asset nested in 5 ReactAssets",
              "rank": 5,
              "rme": 2.192251799294755,
              "samples": [],
              "totalTime": 501.5693219999962,
              "min": 0.45860799999991286,
              "max": 4.531569000000218,
              "hz": 634.0100681038112,
              "period": 1.5772620188679125,
              "mean": 1.5772620188679125,
              "variance": 0.09896999277656578,
              "sd": 0.3145949662289048,
              "sem": 0.017641609687869687,
              "df": 317,
              "critical": 1.96,
              "moe": 0.03457755498822459,
              "p75": 1.5826680000000124,
              "p99": 3.1295169999998507,
              "p995": 3.721792999999707,
              "p999": 4.531569000000218,
              "sampleCount": 318,
              "median": 1.5449370000001181
            },
            {
              "id": "1512050345_0_3",
              "name": "Bubble errors nested in 5 ReactAssets",
              "rank": 2,
              "rme": 7.772655620558884,
              "samples": [],
              "totalTime": 500.06431500000417,
              "min": 0.733878999999888,
              "max": 13.64408500000036,
              "hz": 1033.867013686021,
              "period": 0.9672423887814394,
              "mean": 0.9672423887814394,
              "variance": 0.7606552977875816,
              "sd": 0.8721555467848505,
              "sem": 0.0383573570898207,
              "df": 516,
              "critical": 1.96,
              "moe": 0.07518041989604857,
              "p75": 0.8196889999999257,
              "p99": 4.902945000000273,
              "p995": 5.207926000000043,
              "p999": 13.64408500000036,
              "sampleCount": 517,
              "median": 0.79424999999992
            },
            {
              "id": "1512050345_0_4",
              "name": "Render asset nested in 10 ReactAssets",
              "rank": 4,
              "rme": 2.1627830870233966,
              "samples": [],
              "totalTime": 501.30257700000175,
              "min": 0.476636000000326,
              "max": 3.6166700000003402,
              "hz": 640.3318369536306,
              "period": 1.561690271028043,
              "mean": 1.561690271028043,
              "variance": 0.09532539831914154,
              "sd": 0.30874811468111274,
              "sem": 0.017232639313002222,
              "df": 320,
              "critical": 1.96,
              "moe": 0.03377597305348436,
              "p75": 1.5341119999998227,
              "p99": 3.479957000000013,
              "p995": 3.523235999999997,
              "p999": 3.6166700000003402,
              "sampleCount": 321,
              "median": 1.506695000000036
            },
            {
              "id": "1512050345_0_5",
              "name": "Bubble errors nested in 10 ReactAssets",
              "rank": 3,
              "rme": 6.705809211962838,
              "samples": [],
              "totalTime": 500.5766880000119,
              "min": 0.8899330000003829,
              "max": 5.3791620000001785,
              "hz": 908.9516369967057,
              "period": 1.1001685450549712,
              "mean": 1.1001685450549712,
              "variance": 0.6446442122842289,
              "sd": 0.8028973858994864,
              "sem": 0.03764041002112948,
              "df": 454,
              "critical": 1.96,
              "moe": 0.07377520364141378,
              "p75": 0.9472460000006322,
              "p99": 5.239948999999797,
              "p995": 5.269648999999845,
              "p999": 5.3791620000001785,
              "sampleCount": 455,
              "median": 0.9365669999997408
            },
            {
              "id": "1512050345_0_6",
              "name": "Render asset nested in 50 ReactAssets",
              "rank": 7,
              "rme": 1.8018380677910988,
              "samples": [],
              "totalTime": 500.18721900000037,
              "min": 0.7863700000007157,
              "max": 3.2457350000004226,
              "hz": 521.804616522998,
              "period": 1.916426126436783,
              "mean": 1.916426126436783,
              "variance": 0.0810110099859934,
              "sd": 0.28462433133165793,
              "sem": 0.017617803820016494,
              "df": 260,
              "critical": 1.96,
              "moe": 0.03453089548723233,
              "p75": 1.8764670000000478,
              "p99": 3.227093999999852,
              "p995": 3.2433639999999286,
              "p999": 3.2457350000004226,
              "sampleCount": 261,
              "median": 1.852136999999857
            },
            {
              "id": "1512050345_0_7",
              "name": "Bubble errors nested in 50 ReactAssets",
              "rank": 9,
              "rme": 8.603347524636105,
              "samples": [],
              "totalTime": 512.5391670000026,
              "min": 2.7293479999998453,
              "max": 13.235480999999709,
              "hz": 271.1987862578301,
              "period": 3.6873321366906664,
              "mean": 3.6873321366906664,
              "variance": 3.641347336564478,
              "sd": 1.9082314682879742,
              "sem": 0.16185408066688164,
              "df": 138,
              "critical": 1.96,
              "moe": 0.317233998107088,
              "p75": 3.360896000000139,
              "p99": 13.220577000000048,
              "p995": 13.235480999999709,
              "p999": 13.235480999999709,
              "sampleCount": 139,