{
  "files": [
    {
      "filepath": "/home/circleci/.cache/bazel/_bazel_circleci/e8362d362e14c7d23506d1dfa3aea8b8/execroot/_main/bazel-out/k8-fastbuild/bin/react/player/player_vitest_bench_/player_vitest_bench.runfiles/_main/react/player/src/asset/__tests__/index.bench.tsx",
      "groups": [
        {
          "fullName": "react/player/src/asset/__tests__/index.bench.tsx > ReactAsset benchmarks",
          "benchmarks": [
            {
              "id": "1512050345_0_0",
              "name": "Render asset nested in 1 ReactAssets",
              "rank": 6,
              "rme": 0.7718409995648258,
              "samples": [],
              "totalTime": 500.22405299999787,
              "min": 1.261070000000018,
              "max": 2.1802900000000136,
              "hz": 615.7240903407763,
              "period": 1.6241040681818113,
              "mean": 1.6241040681818113,
              "variance": 0.012598590808245137,
              "sd": 0.1122434443887265,
              "sem": 0.006395663813177292,
              "df": 307,
              "critical": 1.96,
              "moe": 0.012535501073827492,
              "p75": 1.630726999999979,
              "p99": 2.0688900000000103,
              "p995": 2.1063399999998182,
              "p999": 2.1802900000000136,
              "sampleCount": 308,
              "median": 1.5850374999999985
            },
            {
              "id": "1512050345_0_1",
              "name": "Bubble errors nested in 1 ReactAssets",
              "rank": 2,
              "rme": 5.370772314851776,
              "samples": [],
              "totalTime": 502.4123020000043,
              "min": 0.6735009999997601,
              "max": 5.384571999999935,
              "hz": 1072.8240488028405,
              "period": 0.9321192987013066,
              "mean": 0.9321192987013066,
              "variance": 0.35163581697431895,
              "sd": 0.5929888843598327,
              "sem": 0.025541839406143015,
              "df": 538,
              "critical": 1.96,
              "moe": 0.05006200523604031,
              "p75": 0.8814119999999548,
              "p99": 4.622913000000153,
              "p995": 5.036671999999953,
              "p999": 5.384571999999935,
              "sampleCount": 539,
              "median": 0.8076320000000123
            },
            {
              "id": "1512050345_0_2",
              "name": "Render asset nested in 5 ReactAssets",
              "rank": 4,
              "rme": 1.9711668796224837,
              "samples": [],
              "totalTime": 501.17950699999665,
              "min": 0.4807620000001407,
              "max": 4.488430000000335,
              "hz": 624.5267326942044,
              "period": 1.6012124824281042,
              "mean": 1.6012124824281042,
              "variance": 0.08116651804355936,
              "sd": 0.28489738160179595,
              "sem": 0.01610335210510397,
              "df": 312,
              "critical": 1.96,
              "moe": 0.031562570126003775,
              "p75": 1.6055759999999282,
              "p99": 3.0999809999998433,
              "p995": 3.3328120000001036,
              "p999": 4.488430000000335,
              "sampleCount": 313,
              "median": 1.551524999999856
            },
            {
              "id": "1512050345_0_3",
              "name": "Bubble errors nested in 5 ReactAssets",
              "rank": 1,
              "rme": 6.019524444611531,
              "samples": [],
              "totalTime": 500.21600099998886,
              "min": 0.7082519999999022,
              "max": 7.148208999999952,
              "hz": 1077.5345029396851,
              "period": 0.9280445287569367,
              "mean": 0.9280445287569367,
              "variance": 0.43786337148358506,
              "sd": 0.661712453777005,
              "sem": 0.02850197309459372,
              "df": 538,
              "critical": 1.96,
              "moe": 0.0558638672654037,
              "p75": 0.8396579999998721,
              "p99": 4.457271000000219,
              "p995": 5.561755000000176,
              "p999": 7.148208999999952,
              "sampleCount": 539,
              "median": 0.7786309999996774
            },
            {
              "id": "1512050345_0_4",
              "name": "Render asset nested in 10 ReactAssets",
              "rank": 5,
              "rme": 2.063301872762861,
              "samples": [],
              "totalTime": 500.9066710000029,
              "min": 0.7182659999998577,
              "max": 3.8508609999998953,
              "hz": 622.8705227205852,
              "period": 1.6054700993589837,
              "mean": 1.6054700993589837,
              "variance": 0.0891194380166803,
              "sd": 0.2985287892593951,
              "sem": 0.016900864605470245,
              "df": 311,
              "critical": 1.96,
              "moe": 0.03312569462672168,
              "p75": 1.6771659999999429,
              "p99": 3.2758929999999964,
              "p995": 3.663702000000285,
              "p999": 3.8508609999998953,
              "sampleCount": 312,
              "median": 1.501269000000093
            },
            {
              "id": "1512050345_0_5",
              "name": "Bubble errors nested in 10 ReactAssets",
              "rank": 3,
              "rme": 6.415075839011427,
              "samples": [],
              "totalTime": 500.8391629999969,
              "min": 0.8754349999999249,
              "max": 5.7752739999996265,
              "hz": 906.4786333412245,
              "period": 1.1031699625550593,
              "mean": 1.1031699625550593,
              "variance": 0.5918779440075087,
              "sd": 0.7693360410168685,
              "sem": 0.03610672945464338,
              "df": 453,
              "critical": 1.96,
              "moe": 0.07076918973110102,
              "p75": 0.9410180000004402,
              "p99": 5.055207999999766,
              "p995": 5.128434000000198,
              "p999": 5.7752739999996265,
              "sampleCount": 454,
              "median": 0.9177580000000489
            },
            {
              "id": "1512050345_0_6",
              "name": "Render asset nested in 50 ReactAssets",
              "rank": 7,
              "rme": 1.8272352422949483,
              "samples": [],
              "totalTime": 500.6351399999994,
              "min": 1.615393999999469,
              "max": 3.5010620000002746,
              "hz": 505.3580537714558,
              "period": 1.9787950197628434,
              "mean": 1.9787950197628434,
              "variance": 0.08609916145352071,
              "sd": 0.29342658613956696,
              "sem": 0.01844757141524692,
              "df": 252,
              "critical": 1.96,
              "moe": 0.03615723997388396,
              "p75": 1.958303999999771,
              "p99": 3.4214899999997215,
              "p995": 3.4954539999998815,
              "p999": 3.5010620000002746,
              "sampleCount": 253,
              "median": 1.8811429999996108
            },
            {
              "id": "1512050345_0_7",
              "name": "Bubble errors nested in 50 ReactAssets",
              "rank": 9,
              "rme": 9.825773756159057,
              "samples": [],
              "totalTime": 501.06712299999344,
              "min": 2.6959349999997357,
              "max": 14.755353999999897,
              "hz": 259.4462778193526,
              "period": 3.854362484615334,
              "mean": 3.854362484615334,
              "variance": 4.853665478759213,
              "sd": 2.2031036014584546,
              "sem": 0.1932249681023335,
              "df": 129,
              "critical": 1.96,
              "moe": 0.37872093748057367,
              "p75": 3.0878759999995964,
              "p99": 12.739873000000443,
              "p995": 14.755353999999897,
              "p999": 14.755353999999897,
              "sampleCount": 130,