{
  "files": [
    {
      "filepath": "/home/circleci/.cache/bazel/_bazel_circleci/e8362d362e14c7d23506d1dfa3aea8b8/execroot/_main/bazel-out/k8-fastbuild/bin/react/player/player_vitest_bench_/player_vitest_bench.runfiles/_main/react/player/src/asset/__tests__/index.bench.tsx",
      "groups": [
        {
          "fullName": "react/player/src/asset/__tests__/index.bench.tsx > ReactAsset benchmarks",
          "benchmarks": [
            {
              "id": "1512050345_0_0",
              "name": "Render asset nested in 1 ReactAssets",
              "rank": 4,
              "rme": 0.7494308941937744,
              "samples": [],
              "totalTime": 501.2510700000014,
              "min": 0.5222049999999854,
              "max": 2.3607640000000174,
              "hz": 624.4375697791511,
              "period": 1.601441118210867,
              "mean": 1.601441118210867,
              "variance": 0.011735925115598456,
              "sd": 0.1083324748891045,
              "sem": 0.0061233135164257555,
              "df": 312,
              "critical": 1.96,
              "moe": 0.01200169449219448,
              "p75": 1.6053069999998115,
              "p99": 1.8589340000000902,
              "p995": 2.080105999999887,
              "p999": 2.3607640000000174,
              "sampleCount": 313,
              "median": 1.57721400000014
            },
            {
              "id": "1512050345_0_1",
              "name": "Bubble errors nested in 1 ReactAssets",
              "rank": 1,
              "rme": 6.4369312769490135,
              "samples": [],
              "totalTime": 500.2940159999989,
              "min": 0.6352070000002641,
              "max": 8.849529999999959,
              "hz": 1133.3335635979329,
              "period": 0.88235276190476,
              "mean": 0.88235276190476,
              "variance": 0.4761164206431116,
              "sd": 0.6900118989141503,
              "sem": 0.028977775971464774,
              "df": 566,
              "critical": 1.96,
              "moe": 0.056796440904070954,
              "p75": 0.8102819999999156,
              "p99": 4.998440000000073,
              "p995": 5.518594000000121,
              "p999": 8.849529999999959,
              "sampleCount": 567,
              "median": 0.7651660000001357
            },
            {
              "id": "1512050345_0_2",
              "name": "Render asset nested in 5 ReactAssets",
              "rank": 6,
              "rme": 2.094452479731824,
              "samples": [],
              "totalTime": 501.5469429999953,
              "min": 0.4636120000000119,
              "max": 4.396329000000151,
              "hz": 604.1308879037528,
              "period": 1.6552704389438788,
              "mean": 1.6552704389438788,
              "variance": 0.0948002377792297,
              "sd": 0.30789647250208907,
              "sem": 0.017688190180983634,
              "df": 302,
              "critical": 1.96,
              "moe": 0.03466885275472792,
              "p75": 1.7346050000001014,
              "p99": 3.2971740000002683,
              "p995": 3.5582580000000235,
              "p999": 4.396329000000151,
              "sampleCount": 303,
              "median": 1.6081750000003012
            },
            {
              "id": "1512050345_0_3",
              "name": "Bubble errors nested in 5 ReactAssets",
              "rank": 2,
              "rme": 5.881451296317715,
              "samples": [],
              "totalTime": 500.373618000001,
              "min": 0.718319000000065,
              "max": 5.113260000000082,
              "hz": 1035.2264415347313,
              "period": 0.9659722355212375,
              "mean": 0.9659722355212375,
              "variance": 0.43522708533871407,
              "sd": 0.6597174284030354,
              "sem": 0.028986319677618888,
              "df": 517,
              "critical": 1.96,
              "moe": 0.05681318656813302,
              "p75": 0.9343510000003334,
              "p99": 4.823562000000038,
              "p995": 4.881862000000183,
              "p999": 5.113260000000082,
              "sampleCount": 518,
              "median": 0.8098915000000488
            },
            {
              "id": "1512050345_0_4",
              "name": "Render asset nested in 10 ReactAssets",
              "rank": 5,
              "rme": 2.1174766136341394,
              "samples": [],
              "totalTime": 500.3982000000028,
              "min": 0.6508540000004359,
              "max": 3.875223999999889,
              "hz": 621.5050333914036,
              "period": 1.6089974276527421,
              "mean": 1.6089974276527421,
              "variance": 0.09397150683830227,
              "sd": 0.3065477235901488,
              "sem": 0.017382726655368212,
              "df": 310,
              "critical": 1.96,
              "moe": 0.0340701442445217,
              "p75": 1.6081329999997251,
              "p99": 3.42110700000012,
              "p995": 3.6999369999994087,
              "p999": 3.875223999999889,
              "sampleCount": 311,
              "median": 1.5478659999998854
            },
            {
              "id": "1512050345_0_5",
              "name": "Bubble errors nested in 10 ReactAssets",
              "rank": 3,
              "rme": 6.564176350193761,
              "samples": [],
              "totalTime": 501.33203000000503,
              "min": 0.8577119999999923,
              "max": 5.598896999999852,
              "hz": 907.5821467062366,
              "period": 1.1018286373626485,
              "mean": 1.1018286373626485,
              "variance": 0.6195663835902032,
              "sd": 0.7871253925456879,
              "sem": 0.03690100756807202,
              "df": 454,
              "critical": 1.96,
              "moe": 0.07232597483342115,
              "p75": 0.9661309999992227,
              "p99": 5.240278000000217,
              "p995": 5.3340229999994335,
              "p999": 5.598896999999852,
              "sampleCount": 455,
              "median": 0.9197170000006736
            },
            {
              "id": "1512050345_0_6",
              "name": "Render asset nested in 50 ReactAssets",
              "rank": 7,
              "rme": 1.8655175019129917,
              "samples": [],
              "totalTime": 501.10175399999844,
              "min": 0.7687480000004143,
              "max": 3.990711000000374,
              "hz": 504.88747640663973,
              "period": 1.9806393438735117,
              "mean": 1.9806393438735117,
              "variance": 0.0899120371464784,
              "sd": 0.29985335940502383,
              "sem": 0.018851619188640308,
              "df": 252,
              "critical": 1.96,
              "moe": 0.036949173609735,
              "p75": 1.9838169999993625,
              "p99": 3.249757999999929,
              "p995": 3.390234999999848,
              "p999": 3.990711000000374,
              "sampleCount": 253,
              "median": 1.8843229999993127
            },
            {
              "id": "1512050345_0_7",
              "name": "Bubble errors nested in 50 ReactAssets",
              "rank": 9,
              "rme": 7.423024147624704,
              "samples": [],
              "totalTime": 508.6007119999995,
              "min": 2.7033799999999246,
              "max": 9.963533000000098,
              "hz": 279.1974070221124,
              "period": 3.581695154929574,
              "mean": 3.581695154929574,
              "variance": 2.61285426566003,
              "sd": 1.6164325738056722,
              "sem": 0.1356480082881257,
              "df": 141,
              "critical": 1.96,
              "moe": 0.26587009624472635,
              "p75": 3.1799390000005587,
              "p99": 8.10489299999972,
              "p995": 9.963533000000098,
              "p999": 9.963533000000098,
              "sampleCount": 142,