{
  "files": [
    {
      "filepath": "/private/var/tmp/_bazel_kreddy8/6fc13ccb395252816f0c23d8394e8532/execroot/_main/bazel-out/darwin_arm64-fastbuild/bin/react/player/player_vitest_bench_/player_vitest_bench.runfiles/_main/react/player/src/asset/__tests__/index.bench.tsx",
      "groups": [
        {
          "fullName": "react/player/src/asset/__tests__/index.bench.tsx > ReactAsset benchmarks",
          "benchmarks": [
            {
              "id": "1512050345_0_0",
              "name": "Render asset nested in 1 ReactAssets",
              "rank": 6,
              "rme": 0.9602141344659353,
              "samples": [],
              "totalTime": 501.09771699999885,
              "min": 0.21087499999998727,
              "max": 1.9217079999999669,
              "hz": 728.4008440214084,
              "period": 1.3728704575342434,
              "mean": 1.3728704575342434,
              "variance": 0.016511100851627387,
              "sd": 0.12849552852775611,
              "sem": 0.006725763357730082,
              "df": 364,
              "critical": 1.96,
              "moe": 0.01318249618115096,
              "p75": 1.3745000000000118,
              "p99": 1.83949999999993,
              "p995": 1.884333999999967,
              "p999": 1.9217079999999669,
              "sampleCount": 365,
              "median": 1.3479590000000599
            },
            {
              "id": "1512050345_0_1",
              "name": "Bubble errors nested in 1 ReactAssets",
              "rank": 1,
              "rme": 4.384222651110986,
              "samples": [],
              "totalTime": 500.0320919999906,
              "min": 0.13229099999989558,
              "max": 4.432291999999961,
              "hz": 5241.663569065581,
              "period": 0.1907791270507404,
              "mean": 0.1907791270507404,
              "variance": 0.047731138757305974,
              "sd": 0.21847457233578918,
              "sem": 0.004267439643750188,
              "df": 2620,
              "critical": 1.96,
              "moe": 0.008364181701750368,
              "p75": 0.17799999999988358,
              "p99": 1.2856249999999818,
              "p995": 1.4729580000000624,
              "p999": 3.4149159999999483,
              "sampleCount": 2621,
              "median": 0.14937499999996362
            },
            {
              "id": "1512050345_0_2",
              "name": "Render asset nested in 5 ReactAssets",
              "rank": 4,
              "rme": 1.5277295980971617,
              "samples": [],
              "totalTime": 500.7377010000041,
              "min": 0.107291000000032,
              "max": 2.405124999999998,
              "hz": 766.8685605919593,
              "period": 1.3040044296875106,
              "mean": 1.3040044296875106,
              "variance": 0.03967073075016789,
              "sd": 0.19917512583193686,
              "sem": 0.01016411307797663,
              "df": 383,
              "critical": 1.96,
              "moe": 0.01992166163283419,
              "p75": 1.3301249999999527,
              "p99": 2.0631249999999,
              "p995": 2.1872920000000704,
              "p999": 2.405124999999998,
              "sampleCount": 384,
              "median": 1.2895835000000488
            },
            {
              "id": "1512050345_0_3",
              "name": "Bubble errors nested in 5 ReactAssets",
              "rank": 2,
              "rme": 4.448051515309298,
              "samples": [],
              "totalTime": 500.0387250000017,
              "min": 0.19075000000020736,
              "max": 4.586249999999836,
              "hz": 3899.697968392335,
              "period": 0.25643011538461624,
              "mean": 0.25643011538461624,
              "variance": 0.06603894719068855,
              "sd": 0.2569804412609811,
              "sem": 0.0058194610372830635,
              "df": 1949,
              "critical": 1.96,
              "moe": 0.011406143633074805,
              "p75": 0.21800000000030195,
              "p99": 1.4516669999998157,
              "p995": 1.6728330000000824,
              "p999": 3.6912500000003092,
              "sampleCount": 1950,
              "median": 0.20737499999995634
            },
            {
              "id": "1512050345_0_4",
              "name": "Render asset nested in 10 ReactAssets",
              "rank": 5,
              "rme": 1.7017126544316845,
              "samples": [],
              "totalTime": 500.1793619999944,
              "min": 0.13799999999991996,
              "max": 2.4410830000001624,
              "hz": 759.7274675239485,
              "period": 1.3162614789473537,
              "mean": 1.3162614789473537,
              "variance": 0.04962816917427269,
              "sd": 0.22277380719975293,
              "sem": 0.011428055179926918,
              "df": 379,
              "critical": 1.96,
              "moe": 0.02239898815265676,
              "p75": 1.350916999999754,
              "p99": 2.0832500000001346,
              "p995": 2.371625000000222,
              "p999": 2.4410830000001624,
              "sampleCount": 380,
              "median": 1.3174375000000964
            },
            {
              "id": "1512050345_0_5",
              "name": "Bubble errors nested in 10 ReactAssets",
              "rank": 3,
              "rme": 4.6725941013377525,
              "samples": [],
              "totalTime": 500.1901649999986,
              "min": 0.30724999999983993,
              "max": 4.142958999999792,
              "hz": 2489.0533383438346,
              "period": 0.4017591686746977,
              "mean": 0.4017591686746977,
              "variance": 0.11421020602083429,
              "sd": 0.3379500052091053,
              "sem": 0.009577844498508936,
              "df": 1244,
              "critical": 1.96,
              "moe": 0.018772575217077515,
              "p75": 0.3482500000000073,
              "p99": 2.0519170000002305,
              "p995": 2.7777500000001965,
              "p999": 3.1423329999997804,
              "sampleCount": 1245,
              "median": 0.33233300000028976
            },
            {
              "id": "1512050345_0_6",
              "name": "Render asset nested in 50 ReactAssets",
              "rank": 7,
              "rme": 1.6754013034884587,
              "samples": [],
              "totalTime": 501.06873600000745,
              "min": 0.267334000000119,
              "max": 3.3093330000001515,
              "hz": 658.5922774475298,
              "period": 1.5183901090909317,
              "mean": 1.5183901090909317,
              "variance": 0.055591222835582495,
              "sd": 0.23577790998221715,
              "sem": 0.012979146775382295,
              "df": 329,
              "critical": 1.96,
              "moe": 0.025439127679749297,
              "p75": 1.5247910000007323,
              "p99": 2.730207999999948,
              "p995": 3.131250000000364,
              "p999": 3.3093330000001515,
              "sampleCount": 330,
              "median": 1.4955204999996567
            },
            {
              "id": "1512050345_0_7",
              "name": "Bubble errors nested in 50 ReactAssets",
              "rank": 8,
              "rme": 4.148928645735213,
              "samples": [],
              "totalTime": 500.57387300000755,
              "min": 1.2880419999992228,
              "max": 3.609292000000096,
              "hz": 631.2754561203302,
              "period": 1.5840945348101505,
              "mean": 1.5840945348101505,
              "variance": 0.35531133530174797,
              "sd": 0.5960799739143633,
              "sem": 0.0335321183317675,
              "df": 315,
              "critical": 1.96,
              "moe": 0.0657229519302643,
              "p75": 1.3827919999994265,
              "p99": 3.2427499999994325,
              "p995": 3.3639579999999114,
              "p999": 3.609292000000096,
              "sampleCount": 316,