{
  "files": [
    {
      "filepath": "/home/circleci/.cache/bazel/_bazel_circleci/e8362d362e14c7d23506d1dfa3aea8b8/execroot/_main/bazel-out/k8-fastbuild/bin/react/player/player_vitest_bench_/player_vitest_bench.runfiles/_main/react/player/src/asset/__tests__/index.bench.tsx",
      "groups": [
        {
          "fullName": "react/player/src/asset/__tests__/index.bench.tsx > ReactAsset benchmarks",
          "benchmarks": [
            {
              "id": "1512050345_0_0",
              "name": "Render asset nested in 1 ReactAssets",
              "rank": 4,
              "rme": 1.6468321624412177,
              "samples": [],
              "totalTime": 501.6984289999996,
              "min": 0.5684700000001612,
              "max": 3.225366000000122,
              "hz": 532.1922186046953,
              "period": 1.8790203333333317,
              "mean": 1.8790203333333317,
              "variance": 0.06655194591852684,
              "sd": 0.25797663831929984,
              "sem": 0.015787913871501778,
              "df": 266,
              "critical": 1.96,
              "moe": 0.030944311188143482,
              "p75": 2.0413590000000568,
              "p99": 2.4401869999999235,
              "p995": 2.592535999999882,
              "p999": 3.225366000000122,
              "sampleCount": 267,
              "median": 1.8312839999998687
            },
            {
              "id": "1512050345_0_1",
              "name": "Bubble errors nested in 1 ReactAssets",
              "rank": 2,
              "rme": 6.145789414853394,
              "samples": [],
              "totalTime": 500.91614799999843,
              "min": 0.8027560000000449,
              "max": 7.143115999999736,
              "hz": 742.639265045217,
              "period": 1.3465487849462323,
              "mean": 1.3465487849462323,
              "variance": 0.6631783380899109,
              "sd": 0.8143576229703452,
              "sem": 0.04222247586278701,
              "df": 371,
              "critical": 1.96,
              "moe": 0.08275605269106254,
              "p75": 1.4266709999997147,
              "p99": 6.250823999999739,
              "p995": 6.9069250000002285,
              "p999": 7.143115999999736,
              "sampleCount": 372,
              "median": 1.1885440000000926
            },
            {
              "id": "1512050345_0_2",
              "name": "Render asset nested in 5 ReactAssets",
              "rank": 6,
              "rme": 1.7704616007955893,
              "samples": [],
              "totalTime": 500.9162920000008,
              "min": 1.0199349999998049,
              "max": 4.287489000000278,
              "hz": 529.0305071570712,
              "period": 1.890250158490569,
              "mean": 1.890250158490569,
              "variance": 0.07725833088258975,
              "sd": 0.2779538286884887,
              "sem": 0.017074567966863925,
              "df": 264,
              "critical": 1.96,
              "moe": 0.03346615321505329,
              "p75": 2.0356520000000273,
              "p99": 2.4517390000000887,
              "p995": 2.471233000000211,
              "p999": 4.287489000000278,
              "sampleCount": 265,
              "median": 1.8624439999998685
            },
            {
              "id": "1512050345_0_3",
              "name": "Bubble errors nested in 5 ReactAssets",
              "rank": 1,
              "rme": 6.435395183777631,
              "samples": [],
              "totalTime": 500.1987089999943,
              "min": 0.754222000000027,
              "max": 7.1007809999996425,
              "hz": 787.6869590241275,
              "period": 1.2695398705583611,
              "mean": 1.2695398705583611,
              "variance": 0.6845847347116185,
              "sd": 0.8273963588943443,
              "sem": 0.04168362637043345,
              "df": 393,
              "critical": 1.96,
              "moe": 0.08169990768604955,
              "p75": 1.3335329999999885,
              "p99": 6.182189999999991,
              "p995": 6.624399000000267,
              "p999": 7.1007809999996425,
              "sampleCount": 394,
              "median": 1.0895250000000942
            },
            {
              "id": "1512050345_0_4",
              "name": "Render asset nested in 10 ReactAssets",
              "rank": 5,
              "rme": 2.4240412791501362,
              "samples": [],
              "totalTime": 501.8815080000013,
              "min": 0.7471089999999094,
              "max": 5.274808000000121,
              "hz": 530.005580520411,
              "period": 1.8867725864661704,
              "mean": 1.8867725864661704,
              "variance": 0.14484003847667146,
              "sd": 0.3805785575629182,
              "sem": 0.023334768540626872,
              "df": 265,
              "critical": 1.96,
              "moe": 0.04573614633962867,
              "p75": 1.996154000000388,
              "p99": 3.95700399999987,
              "p995": 4.147785999999542,
              "p999": 5.274808000000121,
              "sampleCount": 266,
              "median": 1.8451924999999392
            },
            {
              "id": "1512050345_0_5",
              "name": "Bubble errors nested in 10 ReactAssets",
              "rank": 3,
              "rme": 9.192444772701808,
              "samples": [],
              "totalTime": 500.04045500000484,
              "min": 0.8832280000005994,
              "max": 17.11852799999997,
              "hz": 701.943205775214,
              "period": 1.4246166809116947,
              "mean": 1.4246166809116947,
              "variance": 1.5669425824396963,
              "sd": 1.2517757716299258,
              "sem": 0.0668148477630128,
              "df": 350,
              "critical": 1.96,
              "moe": 0.13095710161550508,
              "p75": 1.5399469999993016,
              "p99": 6.521589999999378,
              "p995": 7.060679999999593,
              "p999": 17.11852799999997,
              "sampleCount": 351,
              "median": 1.1386490000004414
            },
            {
              "id": "1512050345_0_6",
              "name": "Render asset nested in 50 ReactAssets",
              "rank": 7,
              "rme": 2.2119439235095397,
              "samples": [],
              "totalTime": 501.3942040000002,
              "min": 0.9923680000001696,
              "max": 4.198808000000099,
              "hz": 426.80987991636204,
              "period": 2.342963570093459,
              "mean": 2.342963570093459,
              "variance": 0.1496169950187439,
              "sd": 0.3868035612798102,
              "sem": 0.02644134710139002,
              "df": 213,
              "critical": 1.96,
              "moe": 0.05182504031872444,
              "p75": 2.483411999999589,
              "p99": 3.8980260000007547,
              "p995": 3.9156029999994644,
              "p999": 4.198808000000099,
              "sampleCount": 214,
              "median": 2.28907049999998
            },
            {
              "id": "1512050345_0_7",
              "name": "Bubble errors nested in 50 ReactAssets",
              "rank": 9,
              "rme": 8.286227422723194,
              "samples": [],
              "totalTime": 500.4936400000015,
              "min": 2.797693999999865,
              "max": 10.81851800000004,
              "hz": 237.76525911498027,
              "period": 4.2058289075630375,
              "mean": 4.2058289075630375,
              "variance": 3.685174241343107,
              "sd": 1.9196807654771944,
              "sem": 0.17597684724869103,
              "df": 118,
              "critical": 1.9804,
              "moe": 0.3485045482913077,
              "p75": 4.529523999999583,
              "p99": 10.376569000000018,
              "p995": 10.81851800000004,
              "p999": 10.81851800000004,
              "sampleCount": 119,