{
  "files": [
    {
      "filepath": "/home/circleci/.cache/bazel/_bazel_circleci/e8362d362e14c7d23506d1dfa3aea8b8/execroot/_main/bazel-out/k8-fastbuild/bin/react/player/player_vitest_bench_/player_vitest_bench.runfiles/_main/react/player/src/asset/__tests__/index.bench.tsx",
      "groups": [
        {
          "fullName": "react/player/src/asset/__tests__/index.bench.tsx > ReactAsset benchmarks",
          "benchmarks": [
            {
              "id": "1512050345_0_0",
              "name": "Render asset nested in 1 ReactAssets",
              "rank": 5,
              "rme": 1.0770095102849726,
              "samples": [],
              "totalTime": 501.0369590000016,
              "min": 0.5301050000000487,
              "max": 2.2144060000000536,
              "hz": 586.783060049666,
              "period": 1.7042073435374205,
              "mean": 1.7042073435374205,
              "variance": 0.025782149891168615,
              "sd": 0.16056820946615993,
              "sem": 0.009364528145343323,
              "df": 293,
              "critical": 1.96,
              "moe": 0.018354475164872913,
              "p75": 1.764122000000043,
              "p99": 2.035951999999952,
              "p995": 2.054053999999951,
              "p999": 2.2144060000000536,
              "sampleCount": 294,
              "median": 1.6762810000000172
            },
            {
              "id": "1512050345_0_1",
              "name": "Bubble errors nested in 1 ReactAssets",
              "rank": 1,
              "rme": 6.21835012456983,
              "samples": [],
              "totalTime": 500.666447999997,
              "min": 0.6571600000002036,
              "max": 6.162453999999798,
              "hz": 1126.4984946624652,
              "period": 0.887706468085101,
              "mean": 0.887706468085101,
              "variance": 0.44735889045401916,
              "sd": 0.6688489294706385,
              "sem": 0.02816362054284914,
              "df": 563,
              "critical": 1.96,
              "moe": 0.055200696263984314,
              "p75": 0.8349169999996775,
              "p99": 5.490109000000302,
              "p995": 5.6768919999999525,
              "p999": 6.162453999999798,
              "sampleCount": 564,
              "median": 0.7785349999999198
            },
            {
              "id": "1512050345_0_2",
              "name": "Render asset nested in 5 ReactAssets",
              "rank": 4,
              "rme": 2.3983593044047975,
              "samples": [],
              "totalTime": 501.19225300000426,
              "min": 0.5613929999999527,
              "max": 4.719063999999889,
              "hz": 592.5869728078128,
              "period": 1.6875160033670178,
              "mean": 1.6875160033670178,
              "variance": 0.12663932867914282,
              "sd": 0.35586419977168654,
              "sem": 0.020649335244935126,
              "df": 296,
              "critical": 1.96,
              "moe": 0.040472697080072846,
              "p75": 1.7008890000001884,
              "p99": 3.920172999999977,
              "p995": 4.401100000000042,
              "p999": 4.719063999999889,
              "sampleCount": 297,
              "median": 1.6329639999999017
            },
            {
              "id": "1512050345_0_3",
              "name": "Bubble errors nested in 5 ReactAssets",
              "rank": 2,
              "rme": 6.343046065725526,
              "samples": [],
              "totalTime": 500.5899839999943,
              "min": 0.7344109999999091,
              "max": 7.217791000000034,
              "hz": 938.8921373225187,
              "period": 1.0650850723404133,
              "mean": 1.0650850723404133,
              "variance": 0.5584059560017831,
              "sd": 0.7472656528984744,
              "sem": 0.034468794274346154,
              "df": 469,
              "critical": 1.96,
              "moe": 0.06755883677771846,
              "p75": 1.1544349999999213,
              "p99": 5.294926000000032,
              "p995": 5.608287999999902,
              "p999": 7.217791000000034,
              "sampleCount": 470,
              "median": 0.8616045000001122
            },
            {
              "id": "1512050345_0_4",
              "name": "Render asset nested in 10 ReactAssets",
              "rank": 6,
              "rme": 2.1667963416294156,
              "samples": [],
              "totalTime": 500.28994499999,
              "min": 0.7044200000000274,
              "max": 4.322170999999798,
              "hz": 537.6881999897188,
              "period": 1.8598139219330483,
              "mean": 1.8598139219330483,
              "variance": 0.11371436050223671,
              "sd": 0.3372155994348967,
              "sem": 0.020560397970183594,
              "df": 268,
              "critical": 1.96,
              "moe": 0.040298380021559846,
              "p75": 1.9003690000004099,
              "p99": 3.9995950000002267,
              "p995": 4.125681000000441,
              "p999": 4.322170999999798,
              "sampleCount": 269,
              "median": 1.8433820000000196
            },
            {
              "id": "1512050345_0_5",
              "name": "Bubble errors nested in 10 ReactAssets",
              "rank": 3,
              "rme": 6.7489184584702,
              "samples": [],
              "totalTime": 500.3176830000002,
              "min": 0.8767200000002049,
              "max": 5.966387999999824,
              "hz": 905.4247239148647,
              "period": 1.1044540463576165,
              "mean": 1.1044540463576165,
              "variance": 0.6551635425204076,
              "sd": 0.8094217334124453,
              "sem": 0.03802995051017868,
              "df": 452,
              "critical": 1.96,
              "moe": 0.0745387029999502,
              "p75": 0.9675029999998515,
              "p99": 5.382857999999942,
              "p995": 5.5700290000004316,
              "p999": 5.966387999999824,
              "sampleCount": 453,
              "median": 0.934360000000197
            },
            {
              "id": "1512050345_0_6",
              "name": "Render asset nested in 50 ReactAssets",
              "rank": 7,
              "rme": 3.5175748526819253,
              "samples": [],
              "totalTime": 500.19310600000153,
              "min": 2.023374000000331,
              "max": 7.29867700000068,
              "hz": 361.86024523096773,
              "period": 2.7634978232044283,
              "mean": 2.7634978232044283,
              "variance": 0.4452166335602546,
              "sd": 0.667245557167865,
              "sem": 0.049595971675230305,
              "df": 180,
              "critical": 1.96,
              "moe": 0.0972081044834514,
              "p75": 2.7383049999998548,
              "p99": 6.5589609999997265,
              "p995": 7.29867700000068,
              "p999": 7.29867700000068,
              "sampleCount": 181,
              "median": 2.6505980000001728
            },
            {
              "id": "1512050345_0_7",
              "name": "Bubble errors nested in 50 ReactAssets",
              "rank": 9,
              "rme": 10.809931036274456,
              "samples": [],
              "totalTime": 542.9985599999955,
              "min": 2.9491330000000744,
              "max": 14.890427999999702,
              "hz": 184.16255100197841,
              "period": 5.429985599999955,
              "mean": 5.429985599999955,
              "variance": 8.75041272498093,
              "sd": 2.9581096539819023,
              "sem": 0.29581096539819024,
              "df": 99,
              "critical": 1.9843,
              "moe": 0.5869776986396289,
              "p75": 5.156861999999819,
              "p99": 14.014071999999942,
              "p995": 14.890427999999702,
              "p999": 14.890427999999702,
              "sampleCount": 100,