{
  "files": [
    {
      "filepath": "/home/circleci/.cache/bazel/_bazel_circleci/e8362d362e14c7d23506d1dfa3aea8b8/execroot/_main/bazel-out/k8-fastbuild/bin/react/player/player_vitest_bench_/player_vitest_bench.runfiles/_main/react/player/src/asset/__tests__/index.bench.tsx",
      "groups": [
        {
          "fullName": "react/player/src/asset/__tests__/index.bench.tsx > ReactAsset benchmarks",
          "benchmarks": [
            {
              "id": "1512050345_0_0",
              "name": "Render asset nested in 1 ReactAssets",
              "rank": 4,
              "rme": 0.9095323969362759,
              "samples": [],
              "totalTime": 501.6883140000002,
              "min": 0.5720890000000054,
              "max": 2.0478840000000673,
              "hz": 584.0279548548541,
              "period": 1.7122468054607516,
              "mean": 1.7122468054607516,
              "variance": 0.018497990530606877,
              "sd": 0.13600731793034843,
              "sem": 0.00794563235263877,
              "df": 292,
              "critical": 1.96,
              "moe": 0.015573439411171989,
              "p75": 1.777321000000029,
              "p99": 2.0227340000001277,
              "p995": 2.036585999999943,
              "p999": 2.0478840000000673,
              "sampleCount": 293,
              "median": 1.6958200000001398
            },
            {
              "id": "1512050345_0_1",
              "name": "Bubble errors nested in 1 ReactAssets",
              "rank": 1,
              "rme": 5.893708498601438,
              "samples": [],
              "totalTime": 500.5017760000069,
              "min": 0.7042660000001888,
              "max": 7.014290999999957,
              "hz": 1012.9834184644193,
              "period": 0.9871829901380806,
              "mean": 0.9871829901380806,
              "variance": 0.44675399791743464,
              "sd": 0.668396587302355,
              "sem": 0.029684534584957067,
              "df": 506,
              "critical": 1.96,
              "moe": 0.05818168778651585,
              "p75": 0.9701569999997446,
              "p99": 5.231064999999944,
              "p995": 5.655181000000084,
              "p999": 7.014290999999957,
              "sampleCount": 507,
              "median": 0.8400400000000445
            },
            {
              "id": "1512050345_0_2",
              "name": "Render asset nested in 5 ReactAssets",
              "rank": 6,
              "rme": 2.441375411535468,
              "samples": [],
              "totalTime": 501.25282099999504,
              "min": 0.9108729999998104,
              "max": 5.22635100000025,
              "hz": 548.6253413025734,
              "period": 1.8227375309090728,
              "mean": 1.8227375309090728,
              "variance": 0.14175485938681368,
              "sd": 0.37650346530518636,
              "sem": 0.02270401321247082,
              "df": 274,
              "critical": 1.96,
              "moe": 0.04449986589644281,
              "p75": 1.8691320000002634,
              "p99": 3.842917999999827,
              "p995": 4.327253000000383,
              "p999": 5.22635100000025,
              "sampleCount": 275,
              "median": 1.8064140000001316
            },
            {
              "id": "1512050345_0_3",
              "name": "Bubble errors nested in 5 ReactAssets",
              "rank": 2,
              "rme": 6.407893357003043,
              "samples": [],
              "totalTime": 500.5726510000054,
              "min": 0.7913610000000517,
              "max": 8.648652000000311,
              "hz": 912.9543915094856,
              "period": 1.0953449693654385,
              "mean": 1.0953449693654385,
              "variance": 0.5860523937320563,
              "sd": 0.7655405892126532,
              "sem": 0.035810478330732115,
              "df": 456,
              "critical": 1.96,
              "moe": 0.07018853752823495,
              "p75": 1.0745950000000448,
              "p99": 5.236069999999927,
              "p995": 5.470272000000023,
              "p999": 8.648652000000311,
              "sampleCount": 457,
              "median": 0.9630680000000211
            },
            {
              "id": "1512050345_0_4",
              "name": "Render asset nested in 10 ReactAssets",
              "rank": 5,
              "rme": 5.391814616590104,
              "samples": [],
              "totalTime": 501.8284179999955,
              "min": 0.6787979999999152,
              "max": 14.607781000000614,
              "hz": 557.9596331270392,
              "period": 1.792244349999984,
              "mean": 1.792244349999984,
              "variance": 0.6806286591971277,
              "sd": 0.8250022176922482,
              "sem": 0.049303312667504824,
              "df": 279,
              "critical": 1.96,
              "moe": 0.09663449282830945,
              "p75": 1.7806439999994836,
              "p99": 3.8147860000003675,
              "p995": 4.067917999999736,
              "p999": 14.607781000000614,
              "sampleCount": 280,
              "median": 1.7319640000005165
            },
            {
              "id": "1512050345_0_5",
              "name": "Bubble errors nested in 10 ReactAssets",
              "rank": 3,
              "rme": 6.783728032195202,
              "samples": [],
              "totalTime": 500.6933599999902,
              "min": 0.9144889999997758,
              "max": 6.464422000000013,
              "hz": 754.9530914490406,
              "period": 1.3245856084655825,
              "mean": 1.3245856084655825,
              "variance": 0.7944683086125456,
              "sd": 0.8913295174134791,
              "sem": 0.04584504348566485,
              "df": 377,
              "critical": 1.96,
              "moe": 0.0898562852319031,
              "p75": 1.308799999999792,
              "p99": 5.977627000000211,
              "p995": 6.107324000000517,
              "p999": 6.464422000000013,
              "sampleCount": 378,
              "median": 1.0127564999997958
            },
            {
              "id": "1512050345_0_6",
              "name": "Render asset nested in 50 ReactAssets",
              "rank": 7,
              "rme": 1.9091175940665757,
              "samples": [],
              "totalTime": 500.5863630000076,
              "min": 0.893065000000206,
              "max": 3.628475999999864,
              "hz": 465.454149816695,
              "period": 2.14843932618029,
              "mean": 2.14843932618029,
              "variance": 0.1020364463819151,
              "sd": 0.31943144238148363,
              "sem": 0.020926649578547604,
              "df": 232,
              "critical": 1.96,
              "moe": 0.0410162331739533,
              "p75": 2.2193740000002435,
              "p99": 3.5350109999999404,
              "p995": 3.6041660000000775,
              "p999": 3.628475999999864,
              "sampleCount": 233,
              "median": 2.060616000000664
            },
            {
              "id": "1512050345_0_7",
              "name": "Bubble errors nested in 50 ReactAssets",
              "rank": 9,
              "rme": 8.049536724429798,
              "samples": [],
              "totalTime": 503.1243480000003,
              "min": 2.931789000000208,
              "max": 9.535687000000507,
              "hz": 256.39784779408035,
              "period": 3.9001887441860488,
              "mean": 3.9001887441860488,
              "variance": 3.3097149297858444,
              "sd": 1.819262193798861,
              "sem": 0.16017710473741498,
              "df": 128,
              "critical": 1.96,
              "moe": 0.31394712528533336,
              "p75": 3.249118000000635,
              "p99": 8.406675000000178,
              "p995": 9.535687000000507,
              "p999": 9.535687000000507,
              "sampleCount": 129,