{
  "files": [
    {
      "filepath": "/home/circleci/.cache/bazel/_bazel_circleci/e8362d362e14c7d23506d1dfa3aea8b8/execroot/_main/bazel-out/k8-fastbuild/bin/plugins/async-node/core/core_vitest_bench_/core_vitest_bench.runfiles/_main/plugins/async-node/core/src/__tests__/index.bench.ts",
      "groups": [
        {
          "fullName": "plugins/async-node/core/src/__tests__/index.bench.ts > async node benchmarks",
          "benchmarks": [
            {
              "id": "-1369505163_0_0",
              "name": "Resolve Async Node 1 times",
              "rank": 2,
              "rme": 1.5540262869207728,
              "samples": [],
              "totalTime": 500.43331099999523,
              "min": 0.048373000000083266,
              "max": 0.8124109999998836,
              "hz": 13700.127168393203,
              "period": 0.07299202319136454,
              "mean": 0.07299202319136454,
              "variance": 0.0022962871257170264,
              "sd": 0.04791959020815001,
              "sem": 0.0005787322590556693,
              "df": 6855,
              "critical": 1.96,
              "moe": 0.0011343152277491118,
              "p75": 0.0717059999999492,
              "p99": 0.20875500000011016,
              "p995": 0.5201750000001084,
              "p999": 0.6676750000001448,
              "sampleCount": 6856,
              "median": 0.06205950000003213
            },
            {
              "id": "-1369505163_0_1",
              "name": "Resolve Async Node 5 times",
              "rank": 1,
              "rme": 1.6476579989182782,
              "samples": [],
              "totalTime": 500.06223700001465,
              "min": 0.05630900000051042,
              "max": 0.8132129999999052,
              "hz": 13842.276996412744,
              "period": 0.07224244972551497,
              "mean": 0.07224244972551497,
              "variance": 0.0025529277446480086,
              "sd": 0.050526505367460436,
              "sem": 0.0006073002558760016,
              "df": 6921,
              "critical": 1.96,
              "moe": 0.001190308501516963,
              "p75": 0.06704999999965366,
              "p99": 0.15520500000002357,
              "p995": 0.571306000000277,
              "p999": 0.6335260000000744,
              "sampleCount": 6922,
              "median": 0.06353300000000672
            },
            {
              "id": "-1369505163_0_2",
              "name": "Resolve Async Node 10 times",
              "rank": 3,
              "rme": 0.5190568206206717,
              "samples": [],
              "totalTime": 500.0034709999727,
              "min": 0.07760700000017096,
              "max": 0.6386720000009518,
              "hz": 11375.921028356843,
              "period": 0.0879049702883215,
              "mean": 0.0879049702883215,
              "variance": 0.0003082507290378385,
              "sd": 0.017557070628035833,
              "sem": 0.00023279425711536107,
              "df": 5687,
              "critical": 1.96,
              "moe": 0.0004562767439461077,
              "p75": 0.0865510000003269,
              "p99": 0.12475300000005518,
              "p995": 0.1332669999992504,
              "p999": 0.18814500000007683,
              "sampleCount": 5688,
              "median": 0.08410699999967619
            },
            {
              "id": "-1369505163_0_3",
              "name": "Resolve Async Node 50 times",
              "rank": 4,
              "rme": 2.268729332351004,
              "samples": [],
              "totalTime": 500.04989500002375,
              "min": 0.2222540000002482,
              "max": 1.1595480000014504,
              "hz": 3457.6549606113163,
              "period": 0.2892133574320554,
              "mean": 0.2892133574320554,
              "variance": 0.019376927618716427,
              "sd": 0.13920103310937182,
              "sem": 0.0033476878944582616,
              "df": 1728,
              "critical": 1.96,
              "moe": 0.006561468273138193,
              "p75": 0.2711670000007871,
              "p99": 1.0053550000011455,
              "p995": 1.0506060000006983,
              "p999": 1.1095879999993485,
              "sampleCount": 1729,
              "median": 0.2545460000001185
            },
            {
              "id": "-1369505163_0_4",
              "name": "Resolve Async Node 100 times",
              "rank": 5,
              "rme": 1.9086147256876078,
              "samples": [],
              "totalTime": 500.2025940000349,
              "min": 0.4310719999994035,
              "max": 1.3197829999990063,
              "hz": 1955.207773272627,
              "period": 0.5114545950920601,
              "mean": 0.5114545950920601,
              "variance": 0.024259252912751054,
              "sd": 0.15575382150288017,
              "sem": 0.004980458018945403,
              "df": 977,
              "critical": 1.96,
              "moe": 0.009761697717132988,
              "p75": 0.4827289999957429,
              "p99": 1.1334029999998165,
              "p995": 1.1478510000015376,
              "p999": 1.3197829999990063,
              "sampleCount": 978,
              "median": 0.4665930000028311
            }
          ]
        }
      ]
    },
    {
      "filepath": "/home/circleci/.cache/bazel/_bazel_circleci/e8362d362e14c7d23506d1dfa3aea8b8/execroot/_main/bazel-out/k8-fastbuild/bin/plugins/async-node/core/core_vitest_bench_/core_vitest_bench.runfiles/_main/plugins/async-node/core/src/__tests__/transform.bench.ts",
      "groups": [
        {
          "fullName": "plugins/async-node/core/src/__tests__/transform.bench.ts > async transform benchmarks",
          "benchmarks": [
            {
              "id": "-1238384869_0_0",
              "name": "Resolve Async Node 1 times",
              "rank": 3,
              "rme": 1.563538290865058,
              "samples": [],
              "totalTime": 500.02309400000445,
              "min": 0.09811200000012832,
              "max": 0.9862289999998666,
              "hz": 7511.653051768779,
              "period": 0.1331264893503739,
              "mean": 0.1331264893503739,
              "variance": 0.004236034054849449,
              "sd": 0.06508482200059741,
              "sem": 0.0010619814470803517,
              "df": 3755,
              "critical": 1.96,
              "moe": 0.0020814836362774893,
              "p75": 0.13942999999994754,
              "p99": 0.6013980000000174,
              "p995": 0.6638249999998607,
              "p999": 0.8317620000000261,
              "sampleCount": 3756,
              "median": 0.11809850000008737
            },
            {
              "id": "-1238384869_0_1",
              "name": "Resolve Async Node 5 times",
              "rank": 1,
              "rme": 1.8905481810929663,
              "samples": [],
              "totalTime": 500.0726619999832,
              "min": 0.09829799999988609,
              "max": 1.0329969999997957,
              "hz": 7930.84745752435,
              "period": 0.12608992990418133,
              "mean": 0.12608992990418133,
              "variance": 0.005866470263574486,
              "sd": 0.07659288650765478,
              "sem": 0.001216219834869845,
              "df": 3965,
              "critical": 1.96,
              "moe": 0.002383790876344896,
              "p75": 0.11654200000066339,
              "p99": 0.6768459999993865,
              "p995": 0.7130079999997179,
              "p999": 0.8149239999997917,
              "sampleCount": 3966,
              "median": 0.10931250000021464
            },
            {
              "id": "-1238384869_0_2",
              "name": "Resolve Async Node 10 times",
              "rank": 2,
              "rme": 1.016826890870531,
              "samples": [],
              "totalTime": 500.0034130000013,
              "min": 0.11307699999997567,
              "max": 2.47120299999915,
              "hz": 7889.946143227607,
              "period": 0.12674357743979753,