{
  "files": [
    {
      "filepath": "/home/circleci/.cache/bazel/_bazel_circleci/e8362d362e14c7d23506d1dfa3aea8b8/execroot/_main/bazel-out/k8-fastbuild/bin/plugins/async-node/core/core_vitest_bench_/core_vitest_bench.runfiles/_main/plugins/async-node/core/src/__tests__/index.bench.ts",
      "groups": [
        {
          "fullName": "plugins/async-node/core/src/__tests__/index.bench.ts > async node benchmarks",
          "benchmarks": [
            {
              "id": "-1369505163_0_0",
              "name": "Resolve Async Node 1 times",
              "rank": 2,
              "rme": 1.7828738255224512,
              "samples": [],
              "totalTime": 500.0109859999866,
              "min": 0.04694500000005064,
              "max": 1.072222999999667,
              "hz": 13559.702066226564,
              "period": 0.0737479330383461,
              "mean": 0.0737479330383461,
              "variance": 0.003051114281697428,
              "sd": 0.055236892397178064,
              "sem": 0.0006708329566349475,
              "df": 6779,
              "critical": 1.96,
              "moe": 0.001314832595004497,
              "p75": 0.0735500000000684,
              "p99": 0.23312299999997776,
              "p995": 0.5762379999998757,
              "p999": 0.7227949999999055,
              "sampleCount": 6780,
              "median": 0.06150899999988724
            },
            {
              "id": "-1369505163_0_1",
              "name": "Resolve Async Node 5 times",
              "rank": 1,
              "rme": 1.8147831140627135,
              "samples": [],
              "totalTime": 500.0287609999832,
              "min": 0.055939999999736756,
              "max": 0.7524750000002314,
              "hz": 14033.192782685226,
              "period": 0.07125962106313,
              "mean": 0.07125962106313,
              "variance": 0.0030547509621691982,
              "sd": 0.05526980153907917,
              "sem": 0.000659799780713653,
              "df": 7016,
              "critical": 1.96,
              "moe": 0.0012932075701987597,
              "p75": 0.06578600000011647,
              "p99": 0.13795200000004115,
              "p995": 0.6213209999996252,
              "p999": 0.6739989999996396,
              "sampleCount": 7017,
              "median": 0.06268600000021252
            },
            {
              "id": "-1369505163_0_2",
              "name": "Resolve Async Node 10 times",
              "rank": 3,
              "rme": 0.4729665194521433,
              "samples": [],
              "totalTime": 500.04773200003183,
              "min": 0.07708199999979115,
              "max": 0.2645119999997405,
              "hz": 10976.952096244386,
              "period": 0.09109996939333792,
              "mean": 0.09109996939333792,
              "variance": 0.0002652640205310295,
              "sd": 0.016286927903414735,
              "sem": 0.00021983283390899906,
              "df": 5488,
              "critical": 1.96,
              "moe": 0.00043087235446163816,
              "p75": 0.08929299999908835,
              "p99": 0.15815699999984645,
              "p995": 0.16570899999896938,
              "p999": 0.18920299999990675,
              "sampleCount": 5489,
              "median": 0.08471199999985402
            },
            {
              "id": "-1369505163_0_3",
              "name": "Resolve Async Node 50 times",
              "rank": 4,
              "rme": 2.155122026419582,
              "samples": [],
              "totalTime": 500.32710500005487,
              "min": 0.22422399999959453,
              "max": 1.4139069999982894,
              "hz": 3299.8412108810676,
              "period": 0.3030448849182646,
              "mean": 0.3030448849182646,
              "variance": 0.01833127099626495,
              "sd": 0.13539302417874027,
              "sem": 0.003332136257556834,
              "df": 1650,
              "critical": 1.96,
              "moe": 0.006530987064811394,
              "p75": 0.2911610000010114,
              "p99": 1.01987999999983,
              "p995": 1.0953199999967183,
              "p999": 1.3128890000007232,
              "sampleCount": 1651,
              "median": 0.2708999999995285
            },
            {
              "id": "-1369505163_0_4",
              "name": "Resolve Async Node 100 times",
              "rank": 5,
              "rme": 2.4179114192241866,
              "samples": [],
              "totalTime": 500.3029850002422,
              "min": 0.44094700000277953,
              "max": 1.9357920000038575,
              "hz": 1782.9196042065755,
              "period": 0.5608777858747109,
              "mean": 0.5608777858747109,
              "variance": 0.042704138374481906,
              "sd": 0.2066497964540055,
              "sem": 0.006919146955385928,
              "df": 891,
              "critical": 1.96,
              "moe": 0.013561528032556417,
              "p75": 0.5171540000010282,
              "p99": 1.3880390000049374,
              "p995": 1.4576579999993555,
              "p999": 1.9357920000038575,
              "sampleCount": 892,
              "median": 0.4854700000032608
            }
          ]
        }
      ]
    },
    {
      "filepath": "/home/circleci/.cache/bazel/_bazel_circleci/e8362d362e14c7d23506d1dfa3aea8b8/execroot/_main/bazel-out/k8-fastbuild/bin/plugins/async-node/core/core_vitest_bench_/core_vitest_bench.runfiles/_main/plugins/async-node/core/src/__tests__/transform.bench.ts",
      "groups": [
        {
          "fullName": "plugins/async-node/core/src/__tests__/transform.bench.ts > async transform benchmarks",
          "benchmarks": [
            {
              "id": "-1238384869_0_0",
              "name": "Resolve Async Node 1 times",
              "rank": 2,
              "rme": 1.147198513143958,
              "samples": [],
              "totalTime": 500.0858509999957,
              "min": 0.10292699999990873,
              "max": 0.9993139999996856,
              "hz": 7060.787648639213,
              "period": 0.14162725885018287,
              "mean": 0.14162725885018287,
              "variance": 0.002426366632724801,
              "sd": 0.04925816310749723,
              "sem": 0.0008289519427223687,
              "df": 3530,
              "critical": 1.96,
              "moe": 0.0016247458077358425,
              "p75": 0.15571399999998903,
              "p99": 0.2430939999999282,
              "p995": 0.35933699999986857,
              "p999": 0.8094320000000153,
              "sampleCount": 3531,
              "median": 0.13043900000002395
            },
            {
              "id": "-1238384869_0_1",
              "name": "Resolve Async Node 5 times",
              "rank": 1,
              "rme": 1.2562758873385087,
              "samples": [],
              "totalTime": 500.0186740000063,
              "min": 0.09842099999968923,
              "max": 0.7741619999997056,
              "hz": 8451.68434649292,
              "period": 0.1183196105063905,
              "mean": 0.1183196105063905,
              "variance": 0.0024305293003168936,
              "sd": 0.04930039858172441,
              "sem": 0.000758377926930931,
              "df": 4225,
              "critical": 1.96,
              "moe": 0.0014864207367846246,
              "p75": 0.11532800000031784,
              "p99": 0.18949900000006892,
              "p995": 0.6554100000003018,
              "p999": 0.7480669999999918,
              "sampleCount": 4226,
              "median": 0.11022899999989022
            },
            {
              "id": "-1238384869_0_2",
              "name": "Resolve Async Node 10 times",
              "rank": 3,
              "rme": 1.8200264955868282,
              "samples": [],
              "totalTime": 500.0165449999695,
              "min": 0.11574799999925744,
              "max": 1.1344389999994746,
              "hz": 6993.768576198241,
              "period": 0.14298442808120373,