{
  "files": [
    {
      "filepath": "/home/circleci/.cache/bazel/_bazel_circleci/e8362d362e14c7d23506d1dfa3aea8b8/execroot/_main/bazel-out/k8-fastbuild/bin/plugins/async-node/core/core_vitest_bench_/core_vitest_bench.runfiles/_main/plugins/async-node/core/src/__tests__/index.bench.ts",
      "groups": [
        {
          "fullName": "plugins/async-node/core/src/__tests__/index.bench.ts > async node benchmarks",
          "benchmarks": [
            {
              "id": "-1369505163_0_0",
              "name": "Resolve Async Node 1 times",
              "rank": 2,
              "rme": 9.882258413247875,
              "samples": [],
              "totalTime": 500.1011070000218,
              "min": 0.05585900000005495,
              "max": 20.671616000000085,
              "hz": 7734.4359887606315,
              "period": 0.12929190977249788,
              "mean": 0.12929190977249788,
              "variance": 0.16437260423962832,
              "sd": 0.4054289139166425,
              "sem": 0.006518857464868125,
              "df": 3867,
              "critical": 1.96,
              "moe": 0.012776960631141525,
              "p75": 0.13499000000001615,
              "p99": 0.7162759999998798,
              "p995": 1.2673399999998765,
              "p999": 4.268600999999762,
              "sampleCount": 3868,
              "median": 0.10040800000001582
            },
            {
              "id": "-1369505163_0_1",
              "name": "Resolve Async Node 5 times",
              "rank": 1,
              "rme": 2.64384771791634,
              "samples": [],
              "totalTime": 500.05859699999473,
              "min": 0.06242300000030809,
              "max": 3.683444999999665,
              "hz": 9124.93061288185,
              "period": 0.10958987442471943,
              "mean": 0.10958987442471943,
              "variance": 0.009971306322161165,
              "sd": 0.09985642854699524,
              "sem": 0.0014782598949210854,
              "df": 4562,
              "critical": 1.96,
              "moe": 0.0028973893940453274,
              "p75": 0.1305370000000039,
              "p99": 0.5379570000000058,
              "p995": 0.6914049999995768,
              "p999": 1.2402320000001055,
              "sampleCount": 4563,
              "median": 0.0924300000006042
            },
            {
              "id": "-1369505163_0_2",
              "name": "Resolve Async Node 10 times",
              "rank": 3,
              "rme": 2.0210116823903226,
              "samples": [],
              "totalTime": 500.15481000000455,
              "min": 0.08343500000046333,
              "max": 1.1811610000004293,
              "hz": 7273.747902174463,
              "period": 0.1374807064321068,
              "mean": 0.1374807064321068,
              "variance": 0.007310914585653684,
              "sd": 0.08550388637748395,
              "sem": 0.0014176026214416438,
              "df": 3637,
              "critical": 1.96,
              "moe": 0.002778501138025622,
              "p75": 0.15238099999987753,
              "p99": 0.6972200000000157,
              "p995": 0.8729949999997189,
              "p999": 1.1059629999999743,
              "sampleCount": 3638,
              "median": 0.13496600000007675
            },
            {
              "id": "-1369505163_0_3",
              "name": "Resolve Async Node 50 times",
              "rank": 4,
              "rme": 2.3077444572588326,
              "samples": [],
              "totalTime": 500.05327500003295,
              "min": 0.24752999999873282,
              "max": 1.4515039999969304,
              "hz": 2721.7100017991293,
              "period": 0.3674160727406561,
              "mean": 0.3674160727406561,
              "variance": 0.025470514462321413,
              "sd": 0.15959484472351046,
              "sem": 0.004326032680484986,
              "df": 1360,
              "critical": 1.96,
              "moe": 0.008479024053750572,
              "p75": 0.4286150000007183,
              "p99": 1.1850170000016078,
              "p995": 1.2723910000004253,
              "p999": 1.3977070000000822,
              "sampleCount": 1361,
              "median": 0.3022740000014892
            },
            {
              "id": "-1369505163_0_4",
              "name": "Resolve Async Node 100 times",
              "rank": 5,
              "rme": 2.2362526342397318,
              "samples": [],
              "totalTime": 500.9316960000251,
              "min": 0.45964100000128383,
              "max": 1.7318459999951301,
              "hz": 1708.8158062969867,
              "period": 0.5852005794392817,
              "mean": 0.5852005794392817,
              "variance": 0.038160393750094536,
              "sd": 0.19534685497876472,
              "sem": 0.006676818047600567,
              "df": 855,
              "critical": 1.96,
              "moe": 0.013086563373297111,
              "p75": 0.5641039999973145,
              "p99": 1.3621150000035414,
              "p995": 1.5063969999973779,
              "p999": 1.7318459999951301,
              "sampleCount": 856,
              "median": 0.5020174999972369
            }
          ]
        }
      ]
    },
    {
      "filepath": "/home/circleci/.cache/bazel/_bazel_circleci/e8362d362e14c7d23506d1dfa3aea8b8/execroot/_main/bazel-out/k8-fastbuild/bin/plugins/async-node/core/core_vitest_bench_/core_vitest_bench.runfiles/_main/plugins/async-node/core/src/__tests__/transform.bench.ts",
      "groups": [
        {
          "fullName": "plugins/async-node/core/src/__tests__/transform.bench.ts > async transform benchmarks",
          "benchmarks": [
            {
              "id": "-1238384869_0_0",
              "name": "Resolve Async Node 1 times",
              "rank": 2,
              "rme": 1.59740470682986,
              "samples": [],
              "totalTime": 500.18242700000496,
              "min": 0.10967699999991964,
              "max": 1.2026590000000397,
              "hz": 5901.846687628573,
              "period": 0.169438491531167,
              "mean": 0.169438491531167,
              "variance": 0.005629350405936154,
              "sd": 0.07502899710069537,
              "sem": 0.0013809277749491711,
              "df": 2951,
              "critical": 1.96,
              "moe": 0.0027066184389003753,
              "p75": 0.2025050000002011,
              "p99": 0.32521300000007614,
              "p995": 0.7404470000001311,
              "p999": 1.0373279999998886,
              "sampleCount": 2952,
              "median": 0.1468200000000479
            },
            {
              "id": "-1238384869_0_1",
              "name": "Resolve Async Node 5 times",
              "rank": 1,
              "rme": 2.738735012423622,
              "samples": [],
              "totalTime": 500.44211100000666,
              "min": 0.10633299999972223,
              "max": 4.150111999999353,
              "hz": 6160.552703767087,
              "period": 0.16232309795653801,
              "mean": 0.16232309795653801,
              "variance": 0.01586068920937104,
              "sd": 0.12593922823874631,
              "sem": 0.002268163018870612,
              "df": 3082,
              "critical": 1.96,
              "moe": 0.004445599516986399,
              "p75": 0.1837120000000141,
              "p99": 0.76357199999984,
              "p995": 0.9787490000007892,
              "p999": 1.1538870000003953,
              "sampleCount": 3083,
              "median": 0.12566599999991013
            },
            {
              "id": "-1238384869_0_2",
              "name": "Resolve Async Node 10 times",
              "rank": 3,
              "rme": 1.5260464460993601,
              "samples": [],
              "totalTime": 500.19527399997696,
              "min": 0.1213659999993979,
              "max": 1.3468629999997574,
              "hz": 5759.750540946,
              "period": 0.17361863033668065,