{
  "files": [
    {
      "filepath": "/home/circleci/.cache/bazel/_bazel_circleci/e8362d362e14c7d23506d1dfa3aea8b8/execroot/_main/bazel-out/k8-fastbuild/bin/plugins/async-node/core/core_vitest_bench_/core_vitest_bench.runfiles/_main/plugins/async-node/core/src/__tests__/index.bench.ts",
      "groups": [
        {
          "fullName": "plugins/async-node/core/src/__tests__/index.bench.ts > async node benchmarks",
          "benchmarks": [
            {
              "id": "-1369505163_0_0",
              "name": "Resolve Async Node 1 times",
              "rank": 1,
              "rme": 1.367388233278957,
              "samples": [],
              "totalTime": 500.00422600000184,
              "min": 0.046815000000151485,
              "max": 0.9082960000000639,
              "hz": 14865.87435362991,
              "period": 0.06726815902058413,
              "mean": 0.06726815902058413,
              "variance": 0.0016370228866377258,
              "sd": 0.04046013947872308,
              "sem": 0.00046929433224022696,
              "df": 7432,
              "critical": 1.96,
              "moe": 0.0009198168911908448,
              "p75": 0.06953900000007707,
              "p99": 0.13101199999982782,
              "p995": 0.2887529999998151,
              "p999": 0.6671079999996437,
              "sampleCount": 7433,
              "median": 0.060995000000048094
            },
            {
              "id": "-1369505163_0_1",
              "name": "Resolve Async Node 5 times",
              "rank": 2,
              "rme": 1.4918258617819573,
              "samples": [],
              "totalTime": 500.0374670000251,
              "min": 0.05713300000024901,
              "max": 0.6951089999993201,
              "hz": 14304.928074518944,
              "period": 0.06990597888997975,
              "mean": 0.06990597888997975,
              "variance": 0.0020250744237159083,
              "sd": 0.04500082692257897,
              "sem": 0.0005320793224553845,
              "df": 7152,
              "critical": 1.96,
              "moe": 0.0010428754720125536,
              "p75": 0.0666150000001835,
              "p99": 0.09606399999984205,
              "p995": 0.5624729999999545,
              "p999": 0.6221860000000561,
              "sampleCount": 7153,
              "median": 0.06409000000030574
            },
            {
              "id": "-1369505163_0_2",
              "name": "Resolve Async Node 10 times",
              "rank": 3,
              "rme": 1.7199436768342007,
              "samples": [],
              "totalTime": 500.01866600003723,
              "min": 0.08067799999935232,
              "max": 1.0111820000001899,
              "hz": 10307.615196108733,
              "period": 0.09701565114474917,
              "mean": 0.09701565114474917,
              "variance": 0.003735462043221145,
              "sd": 0.061118426380439024,
              "sem": 0.000851333957859,
              "df": 5153,
              "critical": 1.96,
              "moe": 0.00166861455740364,
              "p75": 0.09033900000031281,
              "p99": 0.5829499999999825,
              "p995": 0.6833890000016254,
              "p999": 0.7465869999996357,
              "sampleCount": 5154,
              "median": 0.0877039999995759
            },
            {
              "id": "-1369505163_0_3",
              "name": "Resolve Async Node 50 times",
              "rank": 4,
              "rme": 1.841640083170347,
              "samples": [],
              "totalTime": 500.2650039999771,
              "min": 0.22401499999978114,
              "max": 1.1203869999990275,
              "hz": 3540.1237061149313,
              "period": 0.282476004517209,
              "mean": 0.282476004517209,
              "variance": 0.012476106100541094,
              "sd": 0.11169649099475369,
              "sem": 0.0026541792472076537,
              "df": 1770,
              "critical": 1.96,
              "moe": 0.005202191324527001,
              "p75": 0.2739269999983662,
              "p99": 0.9543369999992137,
              "p995": 0.9805229999983567,
              "p999": 1.0412770000002638,
              "sampleCount": 1771,
              "median": 0.26054199999998673
            },
            {
              "id": "-1369505163_0_4",
              "name": "Resolve Async Node 100 times",
              "rank": 5,
              "rme": 1.8790083153541999,
              "samples": [],
              "totalTime": 500.3764899999951,
              "min": 0.4570659999990312,
              "max": 1.3826380000027712,
              "hz": 1856.6020158141505,
              "period": 0.5386183961248602,
              "mean": 0.5386183961248602,
              "variance": 0.024769847913369974,
              "sd": 0.15738439539347596,
              "sem": 0.005163614515925279,
              "df": 928,
              "critical": 1.96,
              "moe": 0.010120684451213545,
              "p75": 0.5087980000025709,
              "p99": 1.1921870000005583,
              "p995": 1.2219100000002072,
              "p999": 1.3826380000027712,
              "sampleCount": 929,
              "median": 0.49345000000175787
            }
          ]
        }
      ]
    },
    {
      "filepath": "/home/circleci/.cache/bazel/_bazel_circleci/e8362d362e14c7d23506d1dfa3aea8b8/execroot/_main/bazel-out/k8-fastbuild/bin/plugins/async-node/core/core_vitest_bench_/core_vitest_bench.runfiles/_main/plugins/async-node/core/src/__tests__/transform.bench.ts",
      "groups": [
        {
          "fullName": "plugins/async-node/core/src/__tests__/transform.bench.ts > async transform benchmarks",
          "benchmarks": [
            {
              "id": "-1238384869_0_0",
              "name": "Resolve Async Node 1 times",
              "rank": 2,
              "rme": 1.7818436777705602,
              "samples": [],
              "totalTime": 500.0666099999935,
              "min": 0.09761299999991024,
              "max": 0.8761060000001635,
              "hz": 7479.0036471342255,
              "period": 0.1337076497326186,
              "mean": 0.1337076497326186,
              "variance": 0.005526003687428387,
              "sd": 0.07433709496226219,
              "sem": 0.0012155414813552396,
              "df": 3739,
              "critical": 1.96,
              "moe": 0.0023824613034562694,
              "p75": 0.13750800000002528,
              "p99": 0.6716590000000906,
              "p995": 0.7124250000001666,
              "p999": 0.8404429999998229,
              "sampleCount": 3740,
              "median": 0.11678600000004735
            },
            {
              "id": "-1238384869_0_1",
              "name": "Resolve Async Node 5 times",
              "rank": 1,
              "rme": 1.4219074278317696,
              "samples": [],
              "totalTime": 500.0882660000193,
              "min": 0.0989400000007663,
              "max": 0.799101999999948,
              "hz": 8194.553399099033,
              "period": 0.12203227574427021,
              "mean": 0.12203227574427021,
              "variance": 0.0032118250275035686,
              "sd": 0.0566729655788681,
              "sem": 0.0008852989761020027,
              "df": 4097,
              "critical": 1.96,
              "moe": 0.0017351859931599252,
              "p75": 0.11920099999997547,
              "p99": 0.31768600000032166,
              "p995": 0.6690170000001672,
              "p999": 0.7389549999998053,
              "sampleCount": 4098,
              "median": 0.11022000000002663
            },
            {
              "id": "-1238384869_0_2",
              "name": "Resolve Async Node 10 times",
              "rank": 3,
              "rme": 1.7135313774014962,
              "samples": [],
              "totalTime": 500.0038210000448,
              "min": 0.11469700000088778,
              "max": 1.0205210000003717,
              "hz": 7063.946017323902,
              "period": 0.14156393573047701,