{
  "files": [
    {
      "filepath": "/home/circleci/.cache/bazel/_bazel_circleci/e8362d362e14c7d23506d1dfa3aea8b8/execroot/_main/bazel-out/k8-fastbuild/bin/plugins/async-node/core/core_vitest_bench_/core_vitest_bench.runfiles/_main/plugins/async-node/core/src/__tests__/index.bench.ts",
      "groups": [
        {
          "fullName": "plugins/async-node/core/src/__tests__/index.bench.ts > async node benchmarks",
          "benchmarks": [
            {
              "id": "-1369505163_0_0",
              "name": "Resolve Async Node 1 times",
              "rank": 2,
              "rme": 1.9031222156039238,
              "samples": [],
              "totalTime": 500.03951199998414,
              "min": 0.05055099999981394,
              "max": 1.5864019999999073,
              "hz": 11717.074069939068,
              "period": 0.08534553882914903,
              "mean": 0.08534553882914903,
              "variance": 0.004023521834272851,
              "sd": 0.06343123705456839,
              "sem": 0.0008286887293287796,
              "df": 5858,
              "critical": 1.96,
              "moe": 0.001624229909484408,
              "p75": 0.09121299999969779,
              "p99": 0.23873600000001716,
              "p995": 0.6317899999999099,
              "p999": 0.7975860000001376,
              "sampleCount": 5859,
              "median": 0.07208799999989424
            },
            {
              "id": "-1369505163_0_1",
              "name": "Resolve Async Node 5 times",
              "rank": 1,
              "rme": 1.7800104949245605,
              "samples": [],
              "totalTime": 500.01988099999926,
              "min": 0.058391999999912514,
              "max": 0.8832210000000487,
              "hz": 12073.519932700454,
              "period": 0.08282588719562685,
              "mean": 0.08282588719562685,
              "variance": 0.0034157521634510493,
              "sd": 0.05844443654832382,
              "sem": 0.0007521987166308855,
              "df": 6036,
              "critical": 1.96,
              "moe": 0.0014743094845965357,
              "p75": 0.07952500000010332,
              "p99": 0.17448499999954947,
              "p995": 0.6372859999996763,
              "p999": 0.6975750000001426,
              "sampleCount": 6037,
              "median": 0.06824000000005981
            },
            {
              "id": "-1369505163_0_2",
              "name": "Resolve Async Node 10 times",
              "rank": 3,
              "rme": 0.8051942210097021,
              "samples": [],
              "totalTime": 500.00968499999,
              "min": 0.08067900000060035,
              "max": 0.9510110000010172,
              "hz": 9773.8106812873,
              "period": 0.1023142387968058,
              "mean": 0.1023142387968058,
              "variance": 0.0008633833114359732,
              "sd": 0.029383384955378664,
              "sem": 0.0004203205806438504,
              "df": 4886,
              "critical": 1.96,
              "moe": 0.0008238283380619468,
              "p75": 0.10934300000008079,
              "p99": 0.18603000000075554,
              "p995": 0.19964900000013586,
              "p999": 0.31228099999952974,
              "sampleCount": 4887,
              "median": 0.09008800000083284
            },
            {
              "id": "-1369505163_0_3",
              "name": "Resolve Async Node 50 times",
              "rank": 4,
              "rme": 2.7926674000910507,
              "samples": [],
              "totalTime": 500.0845520000712,
              "min": 0.24436399999831337,
              "max": 2.3087410000007367,
              "hz": 2767.5319992684017,
              "period": 0.3613327687861786,
              "mean": 0.3613327687861786,
              "variance": 0.03668403304724133,
              "sd": 0.19153076266553457,
              "sem": 0.005148378795784684,
              "df": 1383,
              "critical": 1.96,
              "moe": 0.010090822439737981,
              "p75": 0.4067329999998037,
              "p99": 1.3138040000012552,
              "p995": 1.4599080000007234,
              "p999": 2.259937999999238,
              "sampleCount": 1384,
              "median": 0.29438200000004144
            },
            {
              "id": "-1369505163_0_4",
              "name": "Resolve Async Node 100 times",
              "rank": 5,
              "rme": 2.8154355993283797,
              "samples": [],
              "totalTime": 500.5404669999807,
              "min": 0.45678200000111246,
              "max": 2.0318439999973634,
              "hz": 1536.339318595053,
              "period": 0.6508978764629137,
              "mean": 0.6508978764629137,
              "variance": 0.06722504502688932,
              "sd": 0.259277930080617,
              "sem": 0.009349801290412924,
              "df": 768,
              "critical": 1.96,
              "moe": 0.01832561052920933,
              "p75": 0.7253049999999348,
              "p99": 1.7125699999996868,
              "p995": 1.793999999994412,
              "p999": 2.0318439999973634,
              "sampleCount": 769,
              "median": 0.5329770000025746
            }
          ]
        }
      ]
    },
    {
      "filepath": "/home/circleci/.cache/bazel/_bazel_circleci/e8362d362e14c7d23506d1dfa3aea8b8/execroot/_main/bazel-out/k8-fastbuild/bin/plugins/async-node/core/core_vitest_bench_/core_vitest_bench.runfiles/_main/plugins/async-node/core/src/__tests__/transform.bench.ts",
      "groups": [
        {
          "fullName": "plugins/async-node/core/src/__tests__/transform.bench.ts > async transform benchmarks",
          "benchmarks": [
            {
              "id": "-1238384869_0_0",
              "name": "Resolve Async Node 1 times",
              "rank": 2,
              "rme": 2.1327687249235723,
              "samples": [],
              "totalTime": 500.10656099998664,
              "min": 0.10626700000011624,
              "max": 3.5692999999998847,
              "hz": 6838.542556133535,
              "period": 0.1462299885964873,
              "mean": 0.1462299885964873,
              "variance": 0.008659132452385507,
              "sd": 0.09305445960503723,
              "sem": 0.0015911976853291774,
              "df": 3419,
              "critical": 1.96,
              "moe": 0.0031187474632451877,
              "p75": 0.14686600000004546,
              "p99": 0.6656679999998687,
              "p995": 0.7483320000001186,
              "p999": 0.8909060000000864,
              "sampleCount": 3420,
              "median": 0.12744400000008227
            },
            {
              "id": "-1238384869_0_1",
              "name": "Resolve Async Node 5 times",
              "rank": 1,
              "rme": 1.7396877678387601,
              "samples": [],
              "totalTime": 500.0086120000001,
              "min": 0.10652699999991455,
              "max": 1.3842270000000099,
              "hz": 6971.879916340319,
              "period": 0.14343333677567416,
              "mean": 0.14343333677567416,
              "variance": 0.005650125095423456,
              "sd": 0.07516731400963757,
              "sem": 0.0012731082729027436,
              "df": 3485,
              "critical": 1.96,
              "moe": 0.002495292214889377,
              "p75": 0.1446830000004411,
              "p99": 0.6628969999997025,
              "p995": 0.7533999999996013,
              "p999": 1.0159209999997074,
              "sampleCount": 3486,
              "median": 0.12223249999988184
            },
            {
              "id": "-1238384869_0_2",
              "name": "Resolve Async Node 10 times",
              "rank": 3,
              "rme": 0.7717758378185456,
              "samples": [],
              "totalTime": 500.0757609999673,
              "min": 0.12125000000014552,
              "max": 0.4885149999990972,
              "hz": 6834.964352531822,
              "period": 0.14630654212989097,