{
  "files": [
    {
      "filepath": "/home/circleci/.cache/bazel/_bazel_circleci/e8362d362e14c7d23506d1dfa3aea8b8/execroot/_main/bazel-out/k8-fastbuild/bin/plugins/async-node/core/core_vitest_bench_/core_vitest_bench.runfiles/_main/plugins/async-node/core/src/__tests__/index.bench.ts",
      "groups": [
        {
          "fullName": "plugins/async-node/core/src/__tests__/index.bench.ts > async node benchmarks",
          "benchmarks": [
            {
              "id": "-1369505163_0_0",
              "name": "Resolve Async Node 1 times",
              "rank": 1,
              "rme": 1.3552837268618338,
              "samples": [],
              "totalTime": 500.0223719999776,
              "min": 0.04952499999990323,
              "max": 0.8161530000002131,
              "hz": 14013.372985639759,
              "period": 0.07136040702154668,
              "mean": 0.07136040702154668,
              "variance": 0.0017060629794891943,
              "sd": 0.04130451524336285,
              "sem": 0.0004934367264211182,
              "df": 7006,
              "critical": 1.96,
              "moe": 0.0009671359837853917,
              "p75": 0.07441800000015064,
              "p99": 0.14239999999995234,
              "p995": 0.20862400000009984,
              "p999": 0.6578689999998915,
              "sampleCount": 7007,
              "median": 0.06415800000013405
            },
            {
              "id": "-1369505163_0_1",
              "name": "Resolve Async Node 5 times",
              "rank": 2,
              "rme": 0.6737792385079557,
              "samples": [],
              "totalTime": 500.06299999997964,
              "min": 0.05947999999989406,
              "max": 0.23028100000010454,
              "hz": 12492.425954330263,
              "period": 0.0800485032815719,
              "mean": 0.0800485032815719,
              "variance": 0.00047304346238648883,
              "sd": 0.02174956234930921,
              "sem": 0.0002751786713508118,
              "df": 6246,
              "critical": 1.96,
              "moe": 0.0005393501958475911,
              "p75": 0.09771300000011252,
              "p99": 0.14146400000026915,
              "p995": 0.14842700000008335,
              "p999": 0.16643699999985984,
              "sampleCount": 6247,
              "median": 0.06785099999979138
            },
            {
              "id": "-1369505163_0_2",
              "name": "Resolve Async Node 10 times",
              "rank": 3,
              "rme": 1.5630052924427909,
              "samples": [],
              "totalTime": 500.0069890000059,
              "min": 0.07897099999991042,
              "max": 0.7354439999999158,
              "hz": 10487.85340078504,
              "period": 0.09534839607170212,
              "mean": 0.09534839607170212,
              "variance": 0.0030317837519289645,
              "sd": 0.05506163593582163,
              "sem": 0.0007603573861530704,
              "df": 5243,
              "critical": 1.96,
              "moe": 0.001490300476860018,
              "p75": 0.08945500000027096,
              "p99": 0.5683849999986705,
              "p995": 0.6125400000000809,
              "p999": 0.6670629999989615,
              "sampleCount": 5244,
              "median": 0.08617099999992206
            },
            {
              "id": "-1369505163_0_3",
              "name": "Resolve Async Node 50 times",
              "rank": 4,
              "rme": 2.26174582140523,
              "samples": [],
              "totalTime": 500.1042970000253,
              "min": 0.2356229999986681,
              "max": 1.6885890000012296,
              "hz": 3253.321376680588,
              "period": 0.3073781788568072,
              "mean": 0.3073781788568072,
              "variance": 0.020469586506116362,
              "sd": 0.14307196268352637,
              "sem": 0.003546996487859863,
              "df": 1626,
              "critical": 1.96,
              "moe": 0.006952113116205331,
              "p75": 0.2874550000015006,
              "p99": 1.0159730000013951,
              "p995": 1.086935999999696,
              "p999": 1.4924840000021504,
              "sampleCount": 1627,
              "median": 0.26883099999758997
            },
            {
              "id": "-1369505163_0_4",
              "name": "Resolve Async Node 100 times",
              "rank": 5,
              "rme": 2.1235300120867717,
              "samples": [],
              "totalTime": 500.0689809999458,
              "min": 0.4569630000041798,
              "max": 1.5727599999954691,
              "hz": 1781.7541856292355,
              "period": 0.56124464758692,
              "mean": 0.56124464758692,
              "variance": 0.032944793714288136,
              "sd": 0.18150700734210826,
              "sem": 0.006080713537111674,
              "df": 890,
              "critical": 1.96,
              "moe": 0.011918198532738882,
              "p75": 0.5223990000013146,
              "p99": 1.2853200000026845,
              "p995": 1.3091799999965588,
              "p999": 1.5727599999954691,
              "sampleCount": 891,
              "median": 0.5005049999963376
            }
          ]
        }
      ]
    },
    {
      "filepath": "/home/circleci/.cache/bazel/_bazel_circleci/e8362d362e14c7d23506d1dfa3aea8b8/execroot/_main/bazel-out/k8-fastbuild/bin/plugins/async-node/core/core_vitest_bench_/core_vitest_bench.runfiles/_main/plugins/async-node/core/src/__tests__/transform.bench.ts",
      "groups": [
        {
          "fullName": "plugins/async-node/core/src/__tests__/transform.bench.ts > async transform benchmarks",
          "benchmarks": [
            {
              "id": "-1238384869_0_0",
              "name": "Resolve Async Node 1 times",
              "rank": 3,
              "rme": 1.8466188025906691,
              "samples": [],
              "totalTime": 500.02125500000284,
              "min": 0.10867499999994834,
              "max": 1.5277929999999742,
              "hz": 5911.748691563088,
              "period": 0.16915468707713222,
              "mean": 0.16915468707713222,
              "variance": 0.007507837528089786,
              "sd": 0.0866477785525387,
              "sem": 0.0015936950290968022,
              "df": 2955,
              "critical": 1.96,
              "moe": 0.0031236422570297324,
              "p75": 0.1853639999999359,
              "p99": 0.7389040000000477,
              "p995": 0.856988999999885,
              "p999": 0.9803889999998319,
              "sampleCount": 2956,
              "median": 0.15209600000002865
            },
            {
              "id": "-1238384869_0_1",
              "name": "Resolve Async Node 5 times",
              "rank": 1,
              "rme": 1.4067390849696122,
              "samples": [],
              "totalTime": 500.0652429999768,
              "min": 0.10155399999985093,
              "max": 0.7568630000000667,
              "hz": 7912.9674685272685,
              "period": 0.12637484028303686,
              "mean": 0.12637484028303686,
              "variance": 0.0032553842292550456,
              "sd": 0.0570559745272574,
              "sem": 0.000907022587668062,
              "df": 3956,
              "critical": 1.96,
              "moe": 0.0017777642718294015,
              "p75": 0.12400100000013481,
              "p99": 0.2643400000006295,
              "p995": 0.6794929999996384,
              "p999": 0.7243379999999888,
              "sampleCount": 3957,
              "median": 0.11518100000012055
            },
            {
              "id": "-1238384869_0_2",
              "name": "Resolve Async Node 10 times",
              "rank": 2,
              "rme": 1.8568570561533198,
              "samples": [],
              "totalTime": 500.1448710000459,
              "min": 0.11627199999929871,
              "max": 0.945557999999437,
              "hz": 6919.994986811896,
              "period": 0.1445087752094903,