{
  "files": [
    {
      "filepath": "/home/circleci/.cache/bazel/_bazel_circleci/e8362d362e14c7d23506d1dfa3aea8b8/execroot/_main/bazel-out/k8-fastbuild/bin/plugins/async-node/core/core_vitest_bench_/core_vitest_bench.runfiles/_main/plugins/async-node/core/src/__tests__/index.bench.ts",
      "groups": [
        {
          "fullName": "plugins/async-node/core/src/__tests__/index.bench.ts > async node benchmarks",
          "benchmarks": [
            {
              "id": "-1369505163_0_0",
              "name": "Resolve Async Node 1 times",
              "rank": 1,
              "rme": 1.4750456711571833,
              "samples": [],
              "totalTime": 500.0481760000123,
              "min": 0.047101999999995314,
              "max": 0.9529629999999543,
              "hz": 14388.613628299332,
              "period": 0.06949939902710386,
              "mean": 0.06949939902710386,
              "variance": 0.0019683017957631633,
              "sd": 0.04436554739618529,
              "sem": 0.0005230346310354863,
              "df": 7194,
              "critical": 1.96,
              "moe": 0.001025147876829553,
              "p75": 0.07161700000006022,
              "p99": 0.14413700000000063,
              "p995": 0.47904200000039054,
              "p999": 0.6779570000001058,
              "sampleCount": 7195,
              "median": 0.062480999999934284
            },
            {
              "id": "-1369505163_0_1",
              "name": "Resolve Async Node 5 times",
              "rank": 2,
              "rme": 1.1967526227888226,
              "samples": [],
              "totalTime": 500.06102299999475,
              "min": 0.057762999999795284,
              "max": 0.6354580000001988,
              "hz": 13558.34525819476,
              "period": 0.07375531312684289,
              "mean": 0.07375531312684289,
              "variance": 0.0013750324561311914,
              "sd": 0.037081430071279495,
              "sem": 0.00045034114504673525,
              "df": 6779,
              "critical": 1.96,
              "moe": 0.0008826686442916011,
              "p75": 0.06948499999998603,
              "p99": 0.13752000000022235,
              "p995": 0.4857460000002902,
              "p999": 0.5907459999998537,
              "sampleCount": 6780,
              "median": 0.0659075000003213
            },
            {
              "id": "-1369505163_0_2",
              "name": "Resolve Async Node 10 times",
              "rank": 3,
              "rme": 1.7006376247250703,
              "samples": [],
              "totalTime": 500.0385100000176,
              "min": 0.08014000000002852,
              "max": 0.8908030000002327,
              "hz": 10307.206138982812,
              "period": 0.09701950135817183,
              "mean": 0.09701950135817183,
              "variance": 0.0036523628285319827,
              "sd": 0.060434781612346236,
              "sem": 0.0008418112976621024,
              "df": 5153,
              "critical": 1.96,
              "moe": 0.0016499501434177207,
              "p75": 0.08940100000017992,
              "p99": 0.5820999999996275,
              "p995": 0.6318270000001576,
              "p999": 0.7219369999993432,
              "sampleCount": 5154,
              "median": 0.08654099999967002
            },
            {
              "id": "-1369505163_0_3",
              "name": "Resolve Async Node 50 times",
              "rank": 4,
              "rme": 2.4207362976092464,
              "samples": [],
              "totalTime": 500.03657799995926,
              "min": 0.23844300000018848,
              "max": 1.570093000002089,
              "hz": 2849.7915206517473,
              "period": 0.35090286175435736,
              "mean": 0.35090286175435736,
              "variance": 0.026765262450078625,
              "sd": 0.16360092435581966,
              "sem": 0.004333894359100675,
              "df": 1424,
              "critical": 1.96,
              "moe": 0.008494432943837322,
              "p75": 0.3969089999991411,
              "p99": 1.1089350000002014,
              "p995": 1.301316000000952,
              "p999": 1.4617120000002615,
              "sampleCount": 1425,
              "median": 0.29016000000046915
            },
            {
              "id": "-1369505163_0_4",
              "name": "Resolve Async Node 100 times",
              "rank": 5,
              "rme": 2.7283567232264354,
              "samples": [],
              "totalTime": 500.6441730000006,
              "min": 0.4747930000012275,
              "max": 2.4138029999958235,
              "hz": 1332.2835578074314,
              "period": 0.7505909640179919,
              "mean": 0.7505909640179919,
              "variance": 0.07281530271159302,
              "sd": 0.26984310758585817,
              "sem": 0.01044836685240561,
              "df": 666,
              "critical": 1.96,
              "moe": 0.020478799030714995,
              "p75": 0.8426430000035907,
              "p99": 1.8754140000019106,
              "p995": 2.0802440000006754,
              "p999": 2.4138029999958235,
              "sampleCount": 667,
              "median": 0.7666029999963939
            }
          ]
        }
      ]
    },
    {
      "filepath": "/home/circleci/.cache/bazel/_bazel_circleci/e8362d362e14c7d23506d1dfa3aea8b8/execroot/_main/bazel-out/k8-fastbuild/bin/plugins/async-node/core/core_vitest_bench_/core_vitest_bench.runfiles/_main/plugins/async-node/core/src/__tests__/transform.bench.ts",
      "groups": [
        {
          "fullName": "plugins/async-node/core/src/__tests__/transform.bench.ts > async transform benchmarks",
          "benchmarks": [
            {
              "id": "-1238384869_0_0",
              "name": "Resolve Async Node 1 times",
              "rank": 2,
              "rme": 1.559280856651731,
              "samples": [],
              "totalTime": 500.00208399999065,
              "min": 0.09917200000018056,
              "max": 0.8414589999999862,
              "hz": 7543.968556739197,
              "period": 0.13255622587486496,
              "mean": 0.13255622587486496,
              "variance": 0.004194773312395586,
              "sd": 0.0647670696604037,
              "sem": 0.0010545529869218355,
              "df": 3771,
              "critical": 1.96,
              "moe": 0.002066923854366798,
              "p75": 0.13771699999983866,
              "p99": 0.6155059999998684,
              "p995": 0.6930489999999736,
              "p999": 0.7919939999999315,
              "sampleCount": 3772,
              "median": 0.11811199999988276
            },
            {
              "id": "-1238384869_0_1",
              "name": "Resolve Async Node 5 times",
              "rank": 1,
              "rme": 1.4484314015788868,
              "samples": [],
              "totalTime": 500.0212500000034,
              "min": 0.09925400000065565,
              "max": 0.9937469999995301,
              "hz": 7633.675568788275,
              "period": 0.1309984935813475,
              "mean": 0.1309984935813475,
              "variance": 0.003577160969531766,
              "sd": 0.05980937192055912,
              "sem": 0.0009680731207283366,
              "df": 3816,
              "critical": 1.96,
              "moe": 0.0018974233166275396,
              "p75": 0.1328560000001744,
              "p99": 0.34406899999976304,
              "p995": 0.621560000000045,
              "p999": 0.8082130000002508,
              "sampleCount": 3817,
              "median": 0.11500699999987773
            },
            {
              "id": "-1238384869_0_2",
              "name": "Resolve Async Node 10 times",
              "rank": 3,
              "rme": 1.8531705160612664,
              "samples": [],
              "totalTime": 500.06835599996793,
              "min": 0.1161419999998543,
              "max": 1.0357020000001285,
              "hz": 6721.081147554586,