{
  "files": [
    {
      "filepath": "/home/circleci/.cache/bazel/_bazel_circleci/e8362d362e14c7d23506d1dfa3aea8b8/execroot/_main/bazel-out/k8-fastbuild/bin/plugins/async-node/core/core_vitest_bench_/core_vitest_bench.runfiles/_main/plugins/async-node/core/src/__tests__/index.bench.ts",
      "groups": [
        {
          "fullName": "plugins/async-node/core/src/__tests__/index.bench.ts > async node benchmarks",
          "benchmarks": [
            {
              "id": "-1369505163_0_0",
              "name": "Resolve Async Node 1 times",
              "rank": 1,
              "rme": 1.2984271844731887,
              "samples": [],
              "totalTime": 500.04011000000355,
              "min": 0.047942000000148255,
              "max": 0.7505069999999705,
              "hz": 14450.840753554648,
              "period": 0.06920012593412725,
              "mean": 0.06920012593412725,
              "variance": 0.0015185698852876156,
              "sd": 0.0389688322289444,
              "sem": 0.0004584251259277497,
              "df": 7225,
              "critical": 1.96,
              "moe": 0.0008985132468183894,
              "p75": 0.07213799999999537,
              "p99": 0.1406449999999495,
              "p995": 0.22165999999992891,
              "p999": 0.6605389999999716,
              "sampleCount": 7226,
              "median": 0.06219700000008288
            },
            {
              "id": "-1369505163_0_1",
              "name": "Resolve Async Node 5 times",
              "rank": 2,
              "rme": 1.5876450205221642,
              "samples": [],
              "totalTime": 500.0072770000197,
              "min": 0.058193000000756,
              "max": 0.786721999999827,
              "hz": 13023.810451462175,
              "period": 0.07678244425675979,
              "mean": 0.07678244425675979,
              "variance": 0.002519027604224262,
              "sd": 0.05018991536378859,
              "sem": 0.0006219554351416599,
              "df": 6511,
              "critical": 1.96,
              "moe": 0.0012190326528776533,
              "p75": 0.07513599999947473,
              "p99": 0.14389100000062172,
              "p995": 0.615226999999777,
              "p999": 0.7148929999998472,
              "sampleCount": 6512,
              "median": 0.06660150000016074
            },
            {
              "id": "-1369505163_0_2",
              "name": "Resolve Async Node 10 times",
              "rank": 3,
              "rme": 1.7693336595141453,
              "samples": [],
              "totalTime": 500.0329039999842,
              "min": 0.08137400000032358,
              "max": 0.9456149999987247,
              "hz": 9507.374338709818,
              "period": 0.1051815111485032,
              "mean": 0.1051815111485032,
              "variance": 0.004285932489053348,
              "sd": 0.0654670336051157,
              "sem": 0.0009494958573143318,
              "df": 4753,
              "critical": 1.96,
              "moe": 0.0018610118803360904,
              "p75": 0.10368500000004133,
              "p99": 0.20898500000021158,
              "p995": 0.7268899999999121,
              "p999": 0.8651589999990392,
              "sampleCount": 4754,
              "median": 0.08974400000033711
            },
            {
              "id": "-1369505163_0_3",
              "name": "Resolve Async Node 50 times",
              "rank": 4,
              "rme": 2.089185876986856,
              "samples": [],
              "totalTime": 500.06502299998647,
              "min": 0.2520559999975376,
              "max": 1.2812709999998333,
              "hz": 2983.6119931948137,
              "period": 0.335164224530822,
              "mean": 0.335164224530822,
              "variance": 0.019042596041481275,
              "sd": 0.1379949131000171,
              "sem": 0.0035725528793930862,
              "df": 1491,
              "critical": 1.96,
              "moe": 0.007002203643610449,
              "p75": 0.32909700000163866,
              "p99": 1.0825370000020484,
              "p995": 1.1742620000004536,
              "p999": 1.2598389999984647,
              "sampleCount": 1492,
              "median": 0.2970064999999522
            },
            {
              "id": "-1369505163_0_4",
              "name": "Resolve Async Node 100 times",
              "rank": 5,
              "rme": 2.3516270662305367,
              "samples": [],
              "totalTime": 500.58559600009903,
              "min": 0.4639249999963795,
              "max": 1.8519579999992857,
              "hz": 1700.00896310215,
              "period": 0.58823219271457,
              "mean": 0.58823219271457,
              "variance": 0.04238887545839803,
              "sd": 0.20588558827270553,
              "sem": 0.0070576670694679575,
              "df": 850,
              "critical": 1.96,
              "moe": 0.013833027456157197,
              "p75": 0.549737000001187,
              "p99": 1.388293000003614,
              "p995": 1.517611000002944,
              "p999": 1.8519579999992857,
              "sampleCount": 851,
              "median": 0.5116169999964768
            }
          ]
        }
      ]
    },
    {
      "filepath": "/home/circleci/.cache/bazel/_bazel_circleci/e8362d362e14c7d23506d1dfa3aea8b8/execroot/_main/bazel-out/k8-fastbuild/bin/plugins/async-node/core/core_vitest_bench_/core_vitest_bench.runfiles/_main/plugins/async-node/core/src/__tests__/transform.bench.ts",
      "groups": [
        {
          "fullName": "plugins/async-node/core/src/__tests__/transform.bench.ts > async transform benchmarks",
          "benchmarks": [
            {
              "id": "-1238384869_0_0",
              "name": "Resolve Async Node 1 times",
              "rank": 2,
              "rme": 1.673074517035857,
              "samples": [],
              "totalTime": 500.0050319999925,
              "min": 0.09692100000029313,
              "max": 0.9024670000001151,
              "hz": 7613.923373475283,
              "period": 0.1313383325453093,
              "mean": 0.1313383325453093,
              "variance": 0.004785025972734588,
              "sd": 0.06917388215746308,
              "sem": 0.0011211164147527457,
              "df": 3806,
              "critical": 1.96,
              "moe": 0.0021973881729153814,
              "p75": 0.13641099999995276,
              "p99": 0.6671820000001389,
              "p995": 0.7017809999997553,
              "p999": 0.8438410000001113,
              "sampleCount": 3807,
              "median": 0.11754199999995762
            },
            {
              "id": "-1238384869_0_1",
              "name": "Resolve Async Node 5 times",
              "rank": 1,
              "rme": 1.4566890727208794,
              "samples": [],
              "totalTime": 500.07050899999695,
              "min": 0.09984399999939342,
              "max": 0.8982459999997445,
              "hz": 7990.8731430511625,
              "period": 0.12514277002001925,
              "mean": 0.12514277002001925,
              "variance": 0.0034566753230102594,
              "sd": 0.05879349728507617,
              "sem": 0.0009300719674397149,
              "df": 3995,
              "critical": 1.96,
              "moe": 0.001822941056181841,
              "p75": 0.1239410000002863,
              "p99": 0.24732500000027358,
              "p995": 0.6808189999997012,
              "p999": 0.7359299999998257,
              "sampleCount": 3996,
              "median": 0.11236300000018673
            },
            {
              "id": "-1238384869_0_2",
              "name": "Resolve Async Node 10 times",
              "rank": 3,
              "rme": 2.1576504559943643,
              "samples": [],
              "totalTime": 500.1676819999602,
              "min": 0.1156540000001769,
              "max": 1.2195389999997133,
              "hz": 6129.944237381263,
              "period": 0.16313362100455323,