{
  "files": [
    {
      "filepath": "/home/circleci/.cache/bazel/_bazel_circleci/e8362d362e14c7d23506d1dfa3aea8b8/execroot/_main/bazel-out/k8-fastbuild/bin/plugins/async-node/core/core_vitest_bench_/core_vitest_bench.runfiles/_main/plugins/async-node/core/src/__tests__/index.bench.ts",
      "groups": [
        {
          "fullName": "plugins/async-node/core/src/__tests__/index.bench.ts > async node benchmarks",
          "benchmarks": [
            {
              "id": "-1369505163_0_0",
              "name": "Resolve Async Node 1 times",
              "rank": 3,
              "rme": 1.5195231686256352,
              "samples": [],
              "totalTime": 500.00813200000243,
              "min": 0.053030000000035216,
              "max": 0.8998200000000907,
              "hz": 9903.838923963693,
              "period": 0.10097094749596172,
              "mean": 0.10097094749596172,
              "variance": 0.003034422214698975,
              "sd": 0.055085589900617155,
              "sem": 0.0007827943575418184,
              "df": 4951,
              "critical": 1.96,
              "moe": 0.001534276940781964,
              "p75": 0.11013899999989007,
              "p99": 0.2061149999999543,
              "p995": 0.6375800000000709,
              "p999": 0.7547759999999926,
              "sampleCount": 4952,
              "median": 0.09301149999987501
            },
            {
              "id": "-1369505163_0_1",
              "name": "Resolve Async Node 5 times",
              "rank": 1,
              "rme": 1.6137546506073075,
              "samples": [],
              "totalTime": 500.05919099996663,
              "min": 0.056934999999612046,
              "max": 0.7846180000005916,
              "hz": 13150.443224231107,
              "period": 0.07604306432481245,
              "mean": 0.07604306432481245,
              "variance": 0.0025777683930245116,
              "sd": 0.05077172828478967,
              "sem": 0.0006260961668397792,
              "df": 6575,
              "critical": 1.96,
              "moe": 0.0012271484870059672,
              "p75": 0.07414500000004409,
              "p99": 0.14326799999980722,
              "p995": 0.5762930000000779,
              "p999": 0.6681310000003577,
              "sampleCount": 6576,
              "median": 0.06681899999989582
            },
            {
              "id": "-1369505163_0_2",
              "name": "Resolve Async Node 10 times",
              "rank": 2,
              "rme": 0.44592027866791234,
              "samples": [],
              "totalTime": 500.0325640000565,
              "min": 0.077382999999827,
              "max": 0.6423509999985981,
              "hz": 11265.266315734116,
              "period": 0.08876842961122963,
              "mean": 0.08876842961122963,
              "variance": 0.00022975190861804337,
              "sd": 0.015157569350593232,
              "sem": 0.0002019573615773086,
              "df": 5632,
              "critical": 1.96,
              "moe": 0.0003958364286915248,
              "p75": 0.08883200000127545,
              "p99": 0.1310620000003837,
              "p995": 0.14096599999902537,
              "p999": 0.1663490000009915,
              "sampleCount": 5633,
              "median": 0.08439200000066194
            },
            {
              "id": "-1369505163_0_3",
              "name": "Resolve Async Node 50 times",
              "rank": 4,
              "rme": 2.1746761368964553,
              "samples": [],
              "totalTime": 500.0972560000082,
              "min": 0.22428899999977148,
              "max": 1.4607120000000577,
              "hz": 3341.350067315652,
              "period": 0.299280225014966,
              "mean": 0.299280225014966,
              "variance": 0.018425086203759374,
              "sd": 0.13573903714023972,
              "sem": 0.003320599814209429,
              "df": 1670,
              "critical": 1.96,
              "moe": 0.006508375635850481,
              "p75": 0.28916299999764306,
              "p99": 1.019281000000774,
              "p995": 1.0703940000021248,
              "p999": 1.1888769999968645,
              "sampleCount": 1671,
              "median": 0.2648449999978766
            },
            {
              "id": "-1369505163_0_4",
              "name": "Resolve Async Node 100 times",
              "rank": 5,
              "rme": 2.57254871864752,
              "samples": [],
              "totalTime": 500.00268299997333,
              "min": 0.4425630000041565,
              "max": 1.8942999999999302,
              "hz": 1685.9909529726363,
              "period": 0.5931229928825307,
              "mean": 0.5931229928825307,
              "variance": 0.05108956070886808,
              "sd": 0.2260299995771979,
              "sem": 0.0077848867109200845,
              "df": 842,
              "critical": 1.96,
              "moe": 0.015258377953403365,
              "p75": 0.6012790000022505,
              "p99": 1.5569890000042506,
              "p995": 1.687670999999682,
              "p999": 1.8942999999999302,
              "sampleCount": 843,
              "median": 0.5001679999986663
            }
          ]
        }
      ]
    },
    {
      "filepath": "/home/circleci/.cache/bazel/_bazel_circleci/e8362d362e14c7d23506d1dfa3aea8b8/execroot/_main/bazel-out/k8-fastbuild/bin/plugins/async-node/core/core_vitest_bench_/core_vitest_bench.runfiles/_main/plugins/async-node/core/src/__tests__/transform.bench.ts",
      "groups": [
        {
          "fullName": "plugins/async-node/core/src/__tests__/transform.bench.ts > async transform benchmarks",
          "benchmarks": [
            {
              "id": "-1238384869_0_0",
              "name": "Resolve Async Node 1 times",
              "rank": 1,
              "rme": 1.6351195424279554,
              "samples": [],
              "totalTime": 500.0514779999985,
              "min": 0.10331200000018725,
              "max": 1.2947289999999612,
              "hz": 5957.3866512999475,
              "period": 0.16785883786505487,
              "mean": 0.16785883786505487,
              "variance": 0.005841788142017695,
              "sd": 0.07643159125661127,
              "sem": 0.0014003533987877394,
              "df": 2978,
              "critical": 1.96,
              "moe": 0.002744692661623969,
              "p75": 0.19491400000015346,
              "p99": 0.3282560000000103,
              "p995": 0.7504290000001674,
              "p999": 1.0853329999999914,
              "sampleCount": 2979,
              "median": 0.15238700000008976
            },
            {
              "id": "-1238384869_0_1",
              "name": "Resolve Async Node 5 times",
              "rank": 2,
              "rme": 2.322276403071573,
              "samples": [],
              "totalTime": 500.0729220000085,
              "min": 0.09866200000033132,
              "max": 1.3863309999997,
              "hz": 5873.143437268436,
              "period": 0.17026657201226028,
              "mean": 0.17026657201226028,
              "variance": 0.011953040946982317,
              "sd": 0.10932996362837737,
              "sem": 0.0020173777674283608,
              "df": 2936,
              "critical": 1.96,
              "moe": 0.003954060424159587,
              "p75": 0.1911419999996724,
              "p99": 0.8369259999999485,
              "p995": 0.9529050000001007,
              "p999": 1.083574000000226,
              "sampleCount": 2937,
              "median": 0.15491800000017975
            },
            {
              "id": "-1238384869_0_2",
              "name": "Resolve Async Node 10 times",
              "rank": 3,
              "rme": 1.0726267979007689,
              "samples": [],
              "totalTime": 500.05245700000614,
              "min": 0.11286199999995006,
              "max": 0.5227720000002591,
              "hz": 5663.4058294407405,
              "period": 0.17657219526836376,