{
  "files": [
    {
      "filepath": "/private/var/tmp/_bazel_kreddy8/6fc13ccb395252816f0c23d8394e8532/execroot/_main/bazel-out/darwin_arm64-fastbuild/bin/plugins/async-node/core/core_vitest_bench_/core_vitest_bench.runfiles/_main/plugins/async-node/core/src/__tests__/index.bench.ts",
      "groups": [
        {
          "fullName": "plugins/async-node/core/src/__tests__/index.bench.ts > async node benchmarks",
          "benchmarks": [
            {
              "id": "-1369505163_0_0",
              "name": "Resolve Async Node 1 times",
              "rank": 1,
              "rme": 0.42217333958362147,
              "samples": [],
              "totalTime": 500.01199399999473,
              "min": 0.014833999999837033,
              "max": 0.24991699999998218,
              "hz": 61536.52386186625,
              "period": 0.016250511683837458,
              "mean": 0.016250511683837458,
              "variance": 0.000037697879991230176,
              "sd": 0.006139859932541635,
              "sem": 0.00003500271830361387,
              "df": 30768,
              "critical": 1.96,
              "moe": 0.00006860532787508319,
              "p75": 0.016041999999970358,
              "p99": 0.020999999999958163,
              "p995": 0.026333000000022366,
              "p999": 0.13762499999995725,
              "sampleCount": 30769,
              "median": 0.015582999999878666
            },
            {
              "id": "-1369505163_0_1",
              "name": "Resolve Async Node 5 times",
              "rank": 2,
              "rme": 0.6705600556025548,
              "samples": [],
              "totalTime": 500.0015659999549,
              "min": 0.01974999999993088,
              "max": 0.35054200000013225,
              "hz": 45633.85707476376,
              "period": 0.02191355419204781,
              "mean": 0.02191355419204781,
              "variance": 0.00012824705558944983,
              "sd": 0.011324621653258435,
              "sem": 0.00007497119447688356,
              "df": 22816,
              "critical": 1.96,
              "moe": 0.00014694354117469178,
              "p75": 0.020874999999705324,
              "p99": 0.04104200000074343,
              "p995": 0.12474999999994907,
              "p999": 0.15633299999990413,
              "sampleCount": 22817,
              "median": 0.020583999999871594
            },
            {
              "id": "-1369505163_0_2",
              "name": "Resolve Async Node 10 times",
              "rank": 3,
              "rme": 0.3103127322153706,
              "samples": [],
              "totalTime": 500.0185720000318,
              "min": 0.025374999999257852,
              "max": 0.3413330000003043,
              "hz": 35742.67237417506,
              "period": 0.027977762533573845,
              "mean": 0.027977762533573845,
              "variance": 0.000035065994697330224,
              "sd": 0.005921654726284725,
              "sem": 0.00004429518333197005,
              "df": 17871,
              "critical": 1.96,
              "moe": 0.00008681855933066129,
              "p75": 0.027665999999953783,
              "p99": 0.03908400000000256,
              "p995": 0.044249999999919964,
              "p999": 0.11695800000052259,
              "sampleCount": 17872,
              "median": 0.027000000000043656
            },
            {
              "id": "-1369505163_0_3",
              "name": "Resolve Async Node 50 times",
              "rank": 4,
              "rme": 0.7071891182517995,
              "samples": [],
              "totalTime": 500.03506299993023,
              "min": 0.06966600000305334,
              "max": 0.4450830000005226,
              "hz": 12537.120821866994,
              "period": 0.0797631301642894,
              "mean": 0.0797631301642894,
              "variance": 0.0005192322313980787,
              "sd": 0.022786667843238483,
              "sem": 0.00028779396780554767,
              "df": 6268,
              "critical": 1.96,
              "moe": 0.0005640761768988734,
              "p75": 0.07833300000129384,
              "p99": 0.2325409999994008,
              "p995": 0.25141699999949196,
              "p999": 0.282958999996481,
              "sampleCount": 6269,
              "median": 0.07508299999972223
            },
            {
              "id": "-1369505163_0_4",
              "name": "Resolve Async Node 100 times",
              "rank": 5,
              "rme": 1.1895258880675879,
              "samples": [],
              "totalTime": 500.1595690001486,
              "min": 0.1340829999971902,
              "max": 0.9652080000014394,
              "hz": 6054.067916871346,
              "period": 0.16517819319687868,
              "mean": 0.16517819319687868,
              "variance": 0.0030429649288992743,
              "sd": 0.05516307577446416,
              "sem": 0.0010024680456730444,
              "df": 3027,
              "critical": 1.96,
              "moe": 0.001964837369519167,
              "p75": 0.15770800000609597,
              "p99": 0.37041700000554556,
              "p995": 0.39162499999656575,
              "p999": 0.5533330000034766,
              "sampleCount": 3028,
              "median": 0.147000000004482
            }
          ]
        }
      ]
    },
    {
      "filepath": "/private/var/tmp/_bazel_kreddy8/6fc13ccb395252816f0c23d8394e8532/execroot/_main/bazel-out/darwin_arm64-fastbuild/bin/plugins/async-node/core/core_vitest_bench_/core_vitest_bench.runfiles/_main/plugins/async-node/core/src/__tests__/transform.bench.ts",
      "groups": [
        {
          "fullName": "plugins/async-node/core/src/__tests__/transform.bench.ts > async transform benchmarks",
          "benchmarks": [
            {
              "id": "-1238384869_0_0",
              "name": "Resolve Async Node 1 times",
              "rank": 1,
              "rme": 0.7704729524707752,
              "samples": [],
              "totalTime": 500.010067000004,
              "min": 0.026667000000088592,
              "max": 0.4304580000000442,
              "hz": 30343.3890662043,
              "period": 0.032956107764302925,
              "mean": 0.032956107764302925,
              "variance": 0.00025463454076794464,
              "sd": 0.015957272347363903,
              "sem": 0.0001295499471995281,
              "df": 15171,
              "critical": 1.96,
              "moe": 0.0002539178965110751,
              "p75": 0.03229200000009769,
              "p99": 0.07395900000005895,
              "p995": 0.18100000000004002,
              "p999": 0.24462500000004184,
              "sampleCount": 15172,
              "median": 0.030249999999796273
            },
            {
              "id": "-1238384869_0_1",
              "name": "Resolve Async Node 5 times",
              "rank": 2,
              "rme": 0.8534825569333649,
              "samples": [],
              "totalTime": 500.01790000002893,
              "min": 0.031833000000005995,
              "max": 0.7812920000005761,
              "hz": 26471.05233632483,
              "period": 0.03777711544273413,
              "mean": 0.03777711544273413,
              "variance": 0.0003581718925330418,
              "sd": 0.01892542978463215,
              "sem": 0.00016450055653893686,
              "df": 13235,
              "critical": 1.96,
              "moe": 0.00032242109081631625,
              "p75": 0.03620799999953306,
              "p99": 0.06604199999992488,
              "p995": 0.2049170000000231,
              "p999": 0.27583400000003166,
              "sampleCount": 13236,
              "median": 0.035125000000334694
            },
            {
              "id": "-1238384869_0_2",
              "name": "Resolve Async Node 10 times",
              "rank": 3,
              "rme": 2.0991247207716675,
              "samples": [],
              "totalTime": 500.00853200006804,
              "min": 0.037374999999883585,
              "max": 0.8024169999989681,