{
  "files": [
    {
      "filepath": "/home/circleci/.cache/bazel/_bazel_circleci/e8362d362e14c7d23506d1dfa3aea8b8/execroot/_main/bazel-out/k8-fastbuild/bin/plugins/async-node/core/core_vitest_bench_/core_vitest_bench.runfiles/_main/plugins/async-node/core/src/__tests__/index.bench.ts",
      "groups": [
        {
          "fullName": "plugins/async-node/core/src/__tests__/index.bench.ts > async node benchmarks",
          "benchmarks": [
            {
              "id": "-1369505163_0_0",
              "name": "Resolve Async Node 1 times",
              "rank": 3,
              "rme": 1.851682536273313,
              "samples": [],
              "totalTime": 500.02581100000384,
              "min": 0.05633699999998498,
              "max": 1.5831470000000536,
              "hz": 8391.566810538043,
              "period": 0.11916725714966726,
              "mean": 0.11916725714966726,
              "variance": 0.005318268810562673,
              "sd": 0.07292646166216124,
              "sem": 0.0011258159640797447,
              "df": 4195,
              "critical": 1.96,
              "moe": 0.0022065992895962997,
              "p75": 0.13562199999978475,
              "p99": 0.274279000000206,
              "p995": 0.7085090000000491,
              "p999": 0.993881999999985,
              "sampleCount": 4196,
              "median": 0.11788950000004661
            },
            {
              "id": "-1369505163_0_1",
              "name": "Resolve Async Node 5 times",
              "rank": 1,
              "rme": 1.6607415685552973,
              "samples": [],
              "totalTime": 500.061044999999,
              "min": 0.05914400000074238,
              "max": 1.2291230000000724,
              "hz": 10866.673287858308,
              "period": 0.09202448380566783,
              "mean": 0.09202448380566783,
              "variance": 0.003303835260511109,
              "sd": 0.057478998429957955,
              "sem": 0.0007797392121475324,
              "df": 5433,
              "critical": 1.96,
              "moe": 0.0015282888558091634,
              "p75": 0.09955699999954959,
              "p99": 0.17466499999954976,
              "p995": 0.6569790000003195,
              "p999": 0.8649030000005951,
              "sampleCount": 5434,
              "median": 0.08098950000021432
            },
            {
              "id": "-1369505163_0_2",
              "name": "Resolve Async Node 10 times",
              "rank": 2,
              "rme": 1.961065934438293,
              "samples": [],
              "totalTime": 500.0269769999886,
              "min": 0.0786019999995915,
              "max": 1.0120179999994434,
              "hz": 8737.528575383443,
              "period": 0.11444883886472616,
              "mean": 0.11444883886472616,
              "variance": 0.005728976952878667,
              "sd": 0.07569000563402455,
              "sem": 0.001145110811906285,
              "df": 4368,
              "critical": 1.96,
              "moe": 0.0022444171913363186,
              "p75": 0.11916000000019267,
              "p99": 0.6844019999998636,
              "p995": 0.7799340000001393,
              "p999": 0.9016389999997045,
              "sampleCount": 4369,
              "median": 0.09752300000036485
            },
            {
              "id": "-1369505163_0_3",
              "name": "Resolve Async Node 50 times",
              "rank": 4,
              "rme": 3.4726356187090954,
              "samples": [],
              "totalTime": 500.3894380000529,
              "min": 0.2349869999998191,
              "max": 3.621895999998742,
              "hz": 2476.0714473750922,
              "period": 0.40386556739310164,
              "mean": 0.40386556739310164,
              "variance": 0.06343825821349834,
              "sd": 0.25186952617079017,
              "sem": 0.007155499767854304,
              "df": 1238,
              "critical": 1.96,
              "moe": 0.014024779544994434,
              "p75": 0.4472910000004049,
              "p99": 1.522623000000749,
              "p995": 1.7317669999974896,
              "p999": 3.6207760000033886,
              "sampleCount": 1239,
              "median": 0.33506599999964237
            },
            {
              "id": "-1369505163_0_4",
              "name": "Resolve Async Node 100 times",
              "rank": 5,
              "rme": 3.5952240966188933,
              "samples": [],
              "totalTime": 500.25971400006165,
              "min": 0.4552570000014384,
              "max": 7.094431999998051,
              "hz": 1401.2721400146836,
              "period": 0.7136372524965217,
              "mean": 0.7136372524965217,
              "variance": 0.12011931090243337,
              "sd": 0.3465823291837502,
              "sem": 0.013090233910308141,
              "df": 700,
              "critical": 1.96,
              "moe": 0.025656858464203958,
              "p75": 0.7749190000031376,
              "p99": 1.6625920000005863,
              "p995": 1.7496219999957248,
              "p999": 7.094431999998051,
              "sampleCount": 701,
              "median": 0.6955760000055307
            }
          ]
        }
      ]
    },
    {
      "filepath": "/home/circleci/.cache/bazel/_bazel_circleci/e8362d362e14c7d23506d1dfa3aea8b8/execroot/_main/bazel-out/k8-fastbuild/bin/plugins/async-node/core/core_vitest_bench_/core_vitest_bench.runfiles/_main/plugins/async-node/core/src/__tests__/transform.bench.ts",
      "groups": [
        {
          "fullName": "plugins/async-node/core/src/__tests__/transform.bench.ts > async transform benchmarks",
          "benchmarks": [
            {
              "id": "-1238384869_0_0",
              "name": "Resolve Async Node 1 times",
              "rank": 1,
              "rme": 1.2727896373122949,
              "samples": [],
              "totalTime": 500.07528599999523,
              "min": 0.10102899999992587,
              "max": 0.8258619999999155,
              "hz": 7810.823908622505,
              "period": 0.12802746697388512,
              "mean": 0.12802746697388512,
              "variance": 0.0026998501729828006,
              "sd": 0.05196008249591989,
              "sem": 0.0008313879247739953,
              "df": 3905,
              "critical": 1.96,
              "moe": 0.0016295203325570307,
              "p75": 0.13511799999969298,
              "p99": 0.2571410000000469,
              "p995": 0.6272639999997409,
              "p999": 0.7454099999999926,
              "sampleCount": 3906,
              "median": 0.11690099999998438
            },
            {
              "id": "-1238384869_0_1",
              "name": "Resolve Async Node 5 times",
              "rank": 2,
              "rme": 1.5596939615580832,
              "samples": [],
              "totalTime": 500.12224399997694,
              "min": 0.10076500000013766,
              "max": 0.7837069999995947,
              "hz": 7798.093459726579,
              "period": 0.1282364728205069,
              "mean": 0.1282364728205069,
              "variance": 0.0040611999678886014,
              "sd": 0.0637275448129661,
              "sem": 0.0010204574097431218,
              "df": 3899,
              "critical": 1.96,
              "moe": 0.0020000965230965186,
              "p75": 0.1250289999998131,
              "p99": 0.6023459999996703,
              "p995": 0.6547750000004271,
              "p999": 0.7539040000001478,
              "sampleCount": 3900,
              "median": 0.11189749999994092
            },
            {
              "id": "-1238384869_0_2",
              "name": "Resolve Async Node 10 times",
              "rank": 3,
              "rme": 0.46507167284928114,
              "samples": [],
              "totalTime": 500.08648900001026,
              "min": 0.11556299999938346,
              "max": 0.2699480000001131,
              "hz": 7660.674871781872,
              "period": 0.13053680214043598,