{
  "files": [
    {
      "filepath": "/home/circleci/.cache/bazel/_bazel_circleci/e8362d362e14c7d23506d1dfa3aea8b8/execroot/_main/bazel-out/k8-fastbuild/bin/plugins/async-node/core/core_vitest_bench_/core_vitest_bench.runfiles/_main/plugins/async-node/core/src/__tests__/index.bench.ts",
      "groups": [
        {
          "fullName": "plugins/async-node/core/src/__tests__/index.bench.ts > async node benchmarks",
          "benchmarks": [
            {
              "id": "-1369505163_0_0",
              "name": "Resolve Async Node 1 times",
              "rank": 2,
              "rme": 13.77994122986523,
              "samples": [],
              "totalTime": 506.6488119999831,
              "min": 0.06980599999997139,
              "max": 30.182373000000098,
              "hz": 4920.568135073577,
              "period": 0.2032285647813811,
              "mean": 0.2032285647813811,
              "variance": 0.5089491188222133,
              "sd": 0.7134066994514512,
              "sem": 0.014288151423047402,
              "df": 2492,
              "critical": 1.96,
              "moe": 0.028004776789172906,
              "p75": 0.1831529999999475,
              "p99": 1.0008920000000217,
              "p995": 2.4995950000002267,
              "p999": 7.707834000000275,
              "sampleCount": 2493,
              "median": 0.1491369999998824
            },
            {
              "id": "-1369505163_0_1",
              "name": "Resolve Async Node 5 times",
              "rank": 1,
              "rme": 6.461563024751394,
              "samples": [],
              "totalTime": 500.0939909999761,
              "min": 0.07340000000021973,
              "max": 8.078137999999853,
              "hz": 5744.92005843785,
              "period": 0.174066825965881,
              "mean": 0.174066825965881,
              "variance": 0.09460861245852288,
              "sd": 0.30758513042493274,
              "sem": 0.00573848860457639,
              "df": 2872,
              "critical": 1.96,
              "moe": 0.011247437664969724,
              "p75": 0.16571300000032352,
              "p99": 0.953457000000526,
              "p995": 1.1653740000001562,
              "p999": 6.374149000000216,
              "sampleCount": 2873,
              "median": 0.1467929999998887
            },
            {
              "id": "-1369505163_0_2",
              "name": "Resolve Async Node 10 times",
              "rank": 3,
              "rme": 4.790608171774212,
              "samples": [],
              "totalTime": 500.0440199999739,
              "min": 0.10205800000039744,
              "max": 6.10530899999867,
              "hz": 4091.6397720346836,
              "period": 0.24440079178884355,
              "mean": 0.24440079178884355,
              "variance": 0.07300960616296977,
              "sd": 0.2702028981394718,
              "sem": 0.005973614440467968,
              "df": 2045,
              "critical": 1.96,
              "moe": 0.011708284303317218,
              "p75": 0.2476569999998901,
              "p99": 0.4619700000002922,
              "p995": 1.5639979999996285,
              "p999": 4.722068000000945,
              "sampleCount": 2046,
              "median": 0.22079149999945002
            },
            {
              "id": "-1369505163_0_3",
              "name": "Resolve Async Node 50 times",
              "rank": 4,
              "rme": 8.56483022553661,
              "samples": [],
              "totalTime": 500.09006499998395,
              "min": 0.27104099999996834,
              "max": 11.39232500000071,
              "hz": 1475.734176002924,
              "period": 0.6776288143631218,
              "mean": 0.6776288143631218,
              "variance": 0.6470911591496793,
              "sd": 0.80441976551405,
              "sem": 0.029611100770162255,
              "df": 737,
              "critical": 1.96,
              "moe": 0.05803775750951802,
              "p75": 0.5786240000015823,
              "p99": 4.995286000001215,
              "p995": 6.238591000001179,
              "p999": 11.39232500000071,
              "sampleCount": 738,
              "median": 0.5284700000011071
            },
            {
              "id": "-1369505163_0_4",
              "name": "Resolve Async Node 100 times",
              "rank": 5,
              "rme": 5.5808343152986595,
              "samples": [],
              "totalTime": 500.0614279999063,
              "min": 0.5163979999997537,
              "max": 6.817423000000417,
              "hz": 897.8896888645531,
              "period": 1.1137225567926643,
              "mean": 1.1137225567926643,
              "variance": 0.4515298730624477,
              "sd": 0.6719597257741328,
              "sem": 0.03171174011566664,
              "df": 448,
              "critical": 1.96,
              "moe": 0.06215501062670661,
              "p75": 1.04443899999751,
              "p99": 4.138015999997151,
              "p995": 5.742247999995016,
              "p999": 6.817423000000417,
              "sampleCount": 449,
              "median": 0.9492010000030859
            }
          ]
        }
      ]
    },
    {
      "filepath": "/home/circleci/.cache/bazel/_bazel_circleci/e8362d362e14c7d23506d1dfa3aea8b8/execroot/_main/bazel-out/k8-fastbuild/bin/plugins/async-node/core/core_vitest_bench_/core_vitest_bench.runfiles/_main/plugins/async-node/core/src/__tests__/transform.bench.ts",
      "groups": [
        {
          "fullName": "plugins/async-node/core/src/__tests__/transform.bench.ts > async transform benchmarks",
          "benchmarks": [
            {
              "id": "-1238384869_0_0",
              "name": "Resolve Async Node 1 times",
              "rank": 2,
              "rme": 7.524646704292466,
              "samples": [],
              "totalTime": 500.2745230000046,
              "min": 0.12423099999978149,
              "max": 9.591290999999728,
              "hz": 2930.3910804987895,
              "period": 0.34125137994543286,
              "mean": 0.34125137994543286,
              "variance": 0.25161868466715515,
              "sd": 0.5016160729752936,
              "sem": 0.013101000364498253,
              "df": 1465,
              "critical": 1.96,
              "moe": 0.025677960714416574,
              "p75": 0.3219420000000355,
              "p99": 1.9896199999998316,
              "p995": 4.207448000000113,
              "p999": 7.017773000000034,
              "sampleCount": 1466,
              "median": 0.27091649999988476
            },
            {
              "id": "-1238384869_0_1",
              "name": "Resolve Async Node 5 times",
              "rank": 1,
              "rme": 6.139199371508507,
              "samples": [],
              "totalTime": 500.23030100000506,
              "min": 0.12903199999982462,
              "max": 8.053659999999581,
              "hz": 3122.5617418165643,
              "period": 0.320249872599235,
              "mean": 0.320249872599235,
              "variance": 0.1571702315214219,
              "sd": 0.3964470097269267,
              "sem": 0.010031009268300526,
              "df": 1561,
              "critical": 1.96,
              "moe": 0.01966077816586903,
              "p75": 0.3041960000000472,
              "p99": 1.4374939999997878,
              "p995": 2.5113280000005034,
              "p999": 6.8246790000002875,
              "sampleCount": 1562,
              "median": 0.27711100000033184
            },
            {
              "id": "-1238384869_0_2",
              "name": "Resolve Async Node 10 times",
              "rank": 3,
              "rme": 7.787631902706985,
              "samples": [],
              "totalTime": 500.0398119999936,
              "min": 0.13947800000096322,
              "max": 9.960241000000678,
              "hz": 2677.786783905153,
              "period": 0.37344272740850903,
              "mean": 0.37344272740850903,