{
  "files": [
    {
      "filepath": "/home/circleci/.cache/bazel/_bazel_circleci/e8362d362e14c7d23506d1dfa3aea8b8/execroot/_main/bazel-out/k8-fastbuild/bin/plugins/async-node/core/core_vitest_bench_/core_vitest_bench.runfiles/_main/plugins/async-node/core/src/__tests__/index.bench.ts",
      "groups": [
        {
          "fullName": "plugins/async-node/core/src/__tests__/index.bench.ts > async node benchmarks",
          "benchmarks": [
            {
              "id": "-1369505163_0_0",
              "name": "Resolve Async Node 1 times",
              "rank": 1,
              "rme": 1.7181554071641039,
              "samples": [],
              "totalTime": 500.0184390000136,
              "min": 0.04886099999976068,
              "max": 1.2984499999997752,
              "hz": 13281.510204466318,
              "period": 0.07529264252371835,
              "mean": 0.07529264252371835,
              "variance": 0.002893019116386493,
              "sd": 0.05378679314094207,
              "sem": 0.0006600227595500032,
              "df": 6640,
              "critical": 1.96,
              "moe": 0.0012936446087180062,
              "p75": 0.07611100000031001,
              "p99": 0.24279900000010457,
              "p995": 0.5630189999999402,
              "p999": 0.6923509999999169,
              "sampleCount": 6641,
              "median": 0.06530800000018644
            },
            {
              "id": "-1369505163_0_1",
              "name": "Resolve Async Node 5 times",
              "rank": 2,
              "rme": 1.3155484364698107,
              "samples": [],
              "totalTime": 500.0589370000157,
              "min": 0.06031500000017331,
              "max": 0.8180949999996301,
              "hz": 13128.452496789982,
              "period": 0.07617043975628571,
              "mean": 0.07617043975628571,
              "variance": 0.0017159680568634137,
              "sd": 0.04142424479532987,
              "sem": 0.0005112546067683652,
              "df": 6564,
              "critical": 1.96,
              "moe": 0.0010020590292659957,
              "p75": 0.0737490000001344,
              "p99": 0.13284500000008848,
              "p995": 0.5434289999998327,
              "p999": 0.6494259999999485,
              "sampleCount": 6565,
              "median": 0.06929399999989982
            },
            {
              "id": "-1369505163_0_2",
              "name": "Resolve Async Node 10 times",
              "rank": 3,
              "rme": 1.7453423719801977,
              "samples": [],
              "totalTime": 500.04258899992874,
              "min": 0.08349900000030175,
              "max": 0.7816190000003189,
              "hz": 9721.171970015324,
              "period": 0.10286825529724927,
              "mean": 0.10286825529724927,
              "variance": 0.004078847713230373,
              "sd": 0.06386585717917183,
              "sem": 0.0009160220648059469,
              "df": 4860,
              "critical": 1.96,
              "moe": 0.001795403247019656,
              "p75": 0.09457899999870278,
              "p99": 0.6460440000000744,
              "p995": 0.6870999999991909,
              "p999": 0.7487320000000182,
              "sampleCount": 4861,
              "median": 0.09056600000076287
            },
            {
              "id": "-1369505163_0_3",
              "name": "Resolve Async Node 50 times",
              "rank": 4,
              "rme": 2.322119156232583,
              "samples": [],
              "totalTime": 500.13337000006686,
              "min": 0.2533880000009958,
              "max": 2.101187000000209,
              "hz": 2951.212793499067,
              "period": 0.33884374661251143,
              "mean": 0.33884374661251143,
              "variance": 0.023787136643421514,
              "sd": 0.15423079019256017,
              "sem": 0.004014467117237409,
              "df": 1475,
              "critical": 1.96,
              "moe": 0.007868355549785322,
              "p75": 0.3273250000002008,
              "p99": 1.1179960000008577,
              "p995": 1.2193239999996877,
              "p999": 1.704437999998845,
              "sampleCount": 1476,
              "median": 0.294225000001461
            },
            {
              "id": "-1369505163_0_4",
              "name": "Resolve Async Node 100 times",
              "rank": 5,
              "rme": 2.5907969472624455,
              "samples": [],
              "totalTime": 500.39385200011384,
              "min": 0.4690180000034161,
              "max": 1.8073440000007395,
              "hz": 1534.7910389590982,
              "period": 0.6515544947918149,
              "mean": 0.6515544947918149,
              "variance": 0.05696620926412974,
              "sd": 0.23867595032623154,
              "sem": 0.008612476510621222,
              "df": 767,
              "critical": 1.96,
              "moe": 0.016880453960817592,
              "p75": 0.7628450000047451,
              "p99": 1.6279260000010254,
              "p995": 1.6880079999973532,
              "p999": 1.8073440000007395,
              "sampleCount": 768,
              "median": 0.5319860000017798
            }
          ]
        }
      ]
    },
    {
      "filepath": "/home/circleci/.cache/bazel/_bazel_circleci/e8362d362e14c7d23506d1dfa3aea8b8/execroot/_main/bazel-out/k8-fastbuild/bin/plugins/async-node/core/core_vitest_bench_/core_vitest_bench.runfiles/_main/plugins/async-node/core/src/__tests__/transform.bench.ts",
      "groups": [
        {
          "fullName": "plugins/async-node/core/src/__tests__/transform.bench.ts > async transform benchmarks",
          "benchmarks": [
            {
              "id": "-1238384869_0_0",
              "name": "Resolve Async Node 1 times",
              "rank": 2,
              "rme": 1.6242224487128876,
              "samples": [],
              "totalTime": 500.47463100001323,
              "min": 0.10347000000001572,
              "max": 1.0315260000002127,
              "hz": 6849.498031799157,
              "period": 0.14599610005834693,
              "mean": 0.14599610005834693,
              "variance": 0.005017671178776762,
              "sd": 0.07083552201245334,
              "sem": 0.0012098476690780612,
              "df": 3427,
              "critical": 1.96,
              "moe": 0.002371301431393,
              "p75": 0.14846100000022489,
              "p99": 0.34049899999990885,
              "p995": 0.7006300000002739,
              "p999": 0.8601210000001629,
              "sampleCount": 3428,
              "median": 0.12306100000000697
            },
            {
              "id": "-1238384869_0_1",
              "name": "Resolve Async Node 5 times",
              "rank": 1,
              "rme": 1.5378733151572517,
              "samples": [],
              "totalTime": 500.0689000000016,
              "min": 0.10579700000016601,
              "max": 0.9973270000000412,
              "hz": 7107.020652554055,
              "period": 0.1407059369724259,
              "mean": 0.1407059369724259,
              "variance": 0.004331828439689317,
              "sd": 0.06581662738008776,
              "sem": 0.0011040199273167955,
              "df": 3553,
              "critical": 1.96,
              "moe": 0.002163879057540919,
              "p75": 0.14267999999992753,
              "p99": 0.28851900000063324,
              "p995": 0.7113740000004327,
              "p999": 0.901332999999795,
              "sampleCount": 3554,
              "median": 0.12081699999998818
            },
            {
              "id": "-1238384869_0_2",
              "name": "Resolve Async Node 10 times",
              "rank": 3,
              "rme": 2.0190160241477177,
              "samples": [],
              "totalTime": 500.0647530000606,
              "min": 0.1177159999988362,
              "max": 1.2466239999994286,
              "hz": 5897.236272518577,
              "period": 0.16957095727367263,