{
  "files": [
    {
      "filepath": "/home/circleci/.cache/bazel/_bazel_circleci/e8362d362e14c7d23506d1dfa3aea8b8/execroot/_main/bazel-out/k8-fastbuild/bin/plugins/async-node/core/core_vitest_bench_/core_vitest_bench.runfiles/_main/plugins/async-node/core/src/__tests__/index.bench.ts",
      "groups": [
        {
          "fullName": "plugins/async-node/core/src/__tests__/index.bench.ts > async node benchmarks",
          "benchmarks": [
            {
              "id": "-1369505163_0_0",
              "name": "Resolve Async Node 1 times",
              "rank": 1,
              "rme": 1.0052308190072101,
              "samples": [],
              "totalTime": 500.0445240000188,
              "min": 0.04743400000006659,
              "max": 0.5923649999999725,
              "hz": 15270.640180032673,
              "period": 0.06548513933997104,
              "mean": 0.06548513933997104,
              "variance": 0.0008613325882183295,
              "sd": 0.02934846824313544,
              "sem": 0.0003358555114873488,
              "df": 7635,
              "critical": 1.96,
              "moe": 0.0006582768025152037,
              "p75": 0.06860499999993408,
              "p99": 0.11888800000019728,
              "p995": 0.19425799999999072,
              "p999": 0.49303500000019085,
              "sampleCount": 7636,
              "median": 0.05963050000002568
            },
            {
              "id": "-1369505163_0_1",
              "name": "Resolve Async Node 5 times",
              "rank": 2,
              "rme": 0.9640026477030673,
              "samples": [],
              "totalTime": 500.03256299997656,
              "min": 0.05645599999979822,
              "max": 0.5235760000000482,
              "hz": 15045.020178016592,
              "period": 0.06646717572776506,
              "mean": 0.06646717572776506,
              "variance": 0.0008039884753667389,
              "sd": 0.028354690535548767,
              "sem": 0.00032691088462709475,
              "df": 7522,
              "critical": 1.96,
              "moe": 0.0006407453338691057,
              "p75": 0.06482400000004418,
              "p99": 0.09362000000010084,
              "p995": 0.11521100000027218,
              "p999": 0.4887229999999363,
              "sampleCount": 7523,
              "median": 0.062422999999853346
            },
            {
              "id": "-1369505163_0_2",
              "name": "Resolve Async Node 10 times",
              "rank": 3,
              "rme": 1.3981599552151602,
              "samples": [],
              "totalTime": 500.02854000005937,
              "min": 0.07499699999971199,
              "max": 0.5606360000001587,
              "hz": 11221.359484799275,
              "period": 0.08911576189628576,
              "mean": 0.08911576189628576,
              "variance": 0.002267518784589722,
              "sd": 0.047618471044225286,
              "sem": 0.000635704539091203,
              "df": 5610,
              "critical": 1.96,
              "moe": 0.0012459808966187578,
              "p75": 0.08404000000155065,
              "p99": 0.4825879999998506,
              "p995": 0.5222629999998389,
              "p999": 0.5509579999998095,
              "sampleCount": 5611,
              "median": 0.08096999999997934
            },
            {
              "id": "-1369505163_0_3",
              "name": "Resolve Async Node 50 times",
              "rank": 4,
              "rme": 1.8125918129681333,
              "samples": [],
              "totalTime": 500.20177199990394,
              "min": 0.2094149999993533,
              "max": 0.8622360000008484,
              "hz": 3988.3905089412265,
              "period": 0.2507277052631097,
              "mean": 0.2507277052631097,
              "variance": 0.010725941827324885,
              "sd": 0.10356612297138908,
              "sem": 0.0023187091114499994,
              "df": 1994,
              "critical": 1.96,
              "moe": 0.004544669858441998,
              "p75": 0.24053800000001502,
              "p99": 0.7939890000016021,
              "p995": 0.8136040000008506,
              "p999": 0.8516839999992953,
              "sampleCount": 1995,
              "median": 0.22742999999900348
            },
            {
              "id": "-1369505163_0_4",
              "name": "Resolve Async Node 100 times",
              "rank": 5,
              "rme": 1.4732776846260252,
              "samples": [],
              "totalTime": 500.2941219999302,
              "min": 0.4192849999963073,
              "max": 1.0161359999983688,
              "hz": 2078.7771718016406,
              "period": 0.4810520403845483,
              "mean": 0.4810520403845483,
              "variance": 0.013597984449538117,
              "sd": 0.1166103959753937,
              "sem": 0.003615934878787615,
              "df": 1039,
              "critical": 1.96,
              "moe": 0.007087232362423725,
              "p75": 0.4644049999988056,
              "p99": 0.9814470000055735,
              "p995": 0.9935249999980442,
              "p999": 0.9986940000017057,
              "sampleCount": 1040,
              "median": 0.451447499995993
            }
          ]
        }
      ]
    },
    {
      "filepath": "/home/circleci/.cache/bazel/_bazel_circleci/e8362d362e14c7d23506d1dfa3aea8b8/execroot/_main/bazel-out/k8-fastbuild/bin/plugins/async-node/core/core_vitest_bench_/core_vitest_bench.runfiles/_main/plugins/async-node/core/src/__tests__/transform.bench.ts",
      "groups": [
        {
          "fullName": "plugins/async-node/core/src/__tests__/transform.bench.ts > async transform benchmarks",
          "benchmarks": [
            {
              "id": "-1238384869_0_0",
              "name": "Resolve Async Node 1 times",
              "rank": 3,
              "rme": 1.2106093533330313,
              "samples": [],
              "totalTime": 500.09313399999996,
              "min": 0.094955999999911,
              "max": 0.7267649999998866,
              "hz": 8146.482570984468,
              "period": 0.1227523647520864,
              "mean": 0.1227523647520864,
              "variance": 0.002341944865273774,
              "sd": 0.04839364488518894,
              "sem": 0.0007581895964929781,
              "df": 4073,
              "critical": 1.96,
              "moe": 0.001486051609126237,
              "p75": 0.12831099999993967,
              "p99": 0.4661100000000715,
              "p995": 0.5492369999999482,
              "p999": 0.6333389999999781,
              "sampleCount": 4074,
              "median": 0.1124134999998887
            },
            {
              "id": "-1238384869_0_1",
              "name": "Resolve Async Node 5 times",
              "rank": 1,
              "rme": 0.5275006845603499,
              "samples": [],
              "totalTime": 500.01006500002404,
              "min": 0.09294799999952374,
              "max": 0.5978029999996579,
              "hz": 9123.816337576685,
              "period": 0.10960325843928628,
              "mean": 0.10960325843928628,
              "variance": 0.0003969502910244024,
              "sd": 0.019923611395136234,
              "sem": 0.0002949785400855534,
              "df": 4561,
              "critical": 1.96,
              "moe": 0.0005781579385676847,
              "p75": 0.11229800000000978,
              "p99": 0.1448859999995875,
              "p995": 0.1595430000002125,
              "p999": 0.45893900000010035,
              "sampleCount": 4562,
              "median": 0.10634299999992436
            },
            {
              "id": "-1238384869_0_2",
              "name": "Resolve Async Node 10 times",
              "rank": 2,
              "rme": 0.9764725267521255,
              "samples": [],
              "totalTime": 500.08582900003785,
              "min": 0.10773499999959313,
              "max": 0.5918540000002395,
              "hz": 8200.592302725878,