{
  "files": [
    {
      "filepath": "/home/circleci/.cache/bazel/_bazel_circleci/e8362d362e14c7d23506d1dfa3aea8b8/execroot/_main/bazel-out/k8-fastbuild/bin/plugins/async-node/core/core_vitest_bench_/core_vitest_bench.runfiles/_main/plugins/async-node/core/src/__tests__/index.bench.ts",
      "groups": [
        {
          "fullName": "plugins/async-node/core/src/__tests__/index.bench.ts > async node benchmarks",
          "benchmarks": [
            {
              "id": "-1369505163_0_0",
              "name": "Resolve Async Node 1 times",
              "rank": 2,
              "rme": 1.8926894671410017,
              "samples": [],
              "totalTime": 500.0583979999883,
              "min": 0.05332299999963652,
              "max": 2.9651380000000245,
              "hz": 8600.995438137008,
              "period": 0.11626561218321049,
              "mean": 0.11626561218321049,
              "variance": 0.005421489184786765,
              "sd": 0.07363076248951089,
              "sem": 0.0011227280590299135,
              "df": 4300,
              "critical": 1.96,
              "moe": 0.00220054699569863,
              "p75": 0.12747699999999895,
              "p99": 0.23474799999985407,
              "p995": 0.37549600000011196,
              "p999": 0.9815750000000207,
              "sampleCount": 4301,
              "median": 0.10963700000002063
            },
            {
              "id": "-1369505163_0_1",
              "name": "Resolve Async Node 5 times",
              "rank": 1,
              "rme": 1.3818180396674733,
              "samples": [],
              "totalTime": 500.02791200000365,
              "min": 0.05872600000020611,
              "max": 0.8918260000000373,
              "hz": 8933.501296223574,
              "period": 0.11193819386613021,
              "mean": 0.11193819386613021,
              "variance": 0.0027820319702577677,
              "sd": 0.052744971042344574,
              "sem": 0.0007891745694490493,
              "df": 4466,
              "critical": 1.96,
              "moe": 0.0015467821561201366,
              "p75": 0.12362600000005841,
              "p99": 0.17080499999974563,
              "p995": 0.25452300000051764,
              "p999": 0.8084909999997762,
              "sampleCount": 4467,
              "median": 0.11553400000047986
            },
            {
              "id": "-1369505163_0_2",
              "name": "Resolve Async Node 10 times",
              "rank": 3,
              "rme": 1.9961309969324066,
              "samples": [],
              "totalTime": 500.0030069999957,
              "min": 0.0810220000003028,
              "max": 0.9985970000007001,
              "hz": 7759.9533316407305,
              "period": 0.12886675438144218,
              "mean": 0.12886675438144218,
              "variance": 0.006683122801960503,
              "sd": 0.08175036881849833,
              "sem": 0.0013124230759942435,
              "df": 3879,
              "critical": 1.96,
              "moe": 0.0025723492289487174,
              "p75": 0.14037400000052003,
              "p99": 0.6710579999999027,
              "p995": 0.8865929999992659,
              "p999": 0.972751999999673,
              "sampleCount": 3880,
              "median": 0.12964849999934813
            },
            {
              "id": "-1369505163_0_3",
              "name": "Resolve Async Node 50 times",
              "rank": 4,
              "rme": 2.3212652859509726,
              "samples": [],
              "totalTime": 500.19820000002255,
              "min": 0.2504490000028454,
              "max": 1.516778000001068,
              "hz": 2954.8287059008476,
              "period": 0.3384290933694334,
              "mean": 0.3384290933694334,
              "variance": 0.023743635996704076,
              "sd": 0.1540897011376947,
              "sem": 0.0040080801336445215,
              "df": 1477,
              "critical": 1.96,
              "moe": 0.007855837061943262,
              "p75": 0.33286299999963376,
              "p99": 1.1096849999994447,
              "p995": 1.259580999998434,
              "p999": 1.354514000000563,
              "sampleCount": 1478,
              "median": 0.29203099999995175
            },
            {
              "id": "-1369505163_0_4",
              "name": "Resolve Async Node 100 times",
              "rank": 5,
              "rme": 2.5435477065738676,
              "samples": [],
              "totalTime": 500.6933340000651,
              "min": 0.45882200000050943,
              "max": 2.309398000004876,
              "hz": 1589.7954814790817,
              "period": 0.629011726130735,
              "mean": 0.629011726130735,
              "variance": 0.053039348848984716,
              "sd": 0.2303027330471454,
              "sem": 0.008162863945958677,
              "df": 795,
              "critical": 1.96,
              "moe": 0.015999213334079006,
              "p75": 0.6096990000005462,
              "p99": 1.6755150000026333,
              "p995": 1.8969790000046487,
              "p999": 2.309398000004876,
              "sampleCount": 796,
              "median": 0.5611475000005157
            }
          ]
        }
      ]
    },
    {
      "filepath": "/home/circleci/.cache/bazel/_bazel_circleci/e8362d362e14c7d23506d1dfa3aea8b8/execroot/_main/bazel-out/k8-fastbuild/bin/plugins/async-node/core/core_vitest_bench_/core_vitest_bench.runfiles/_main/plugins/async-node/core/src/__tests__/transform.bench.ts",
      "groups": [
        {
          "fullName": "plugins/async-node/core/src/__tests__/transform.bench.ts > async transform benchmarks",
          "benchmarks": [
            {
              "id": "-1238384869_0_0",
              "name": "Resolve Async Node 1 times",
              "rank": 2,
              "rme": 3.121380541908862,
              "samples": [],
              "totalTime": 500.1297910000078,
              "min": 0.11234399999966627,
              "max": 4.711643999999978,
              "hz": 4550.8186893829015,
              "period": 0.2197406814587029,
              "mean": 0.2197406814587029,
              "variance": 0.027872407735526974,
              "sd": 0.16695031517049308,
              "sem": 0.0034994606498519832,
              "df": 2275,
              "critical": 1.96,
              "moe": 0.006858942873709887,
              "p75": 0.23862000000008265,
              "p99": 0.914440999999897,
              "p995": 1.1112010000001646,
              "p999": 2.124863000000005,
              "sampleCount": 2276,
              "median": 0.2041305000000193
            },
            {
              "id": "-1238384869_0_1",
              "name": "Resolve Async Node 5 times",
              "rank": 1,
              "rme": 2.968054560673033,
              "samples": [],
              "totalTime": 500.179768999978,
              "min": 0.10911300000043411,
              "max": 3.463002999999844,
              "hz": 4958.217332456941,
              "period": 0.20168539072579758,
              "mean": 0.20168539072579758,
              "variance": 0.02313301183658905,
              "sd": 0.15209540373262123,
              "sem": 0.003054149202881766,
              "df": 2479,
              "critical": 1.96,
              "moe": 0.005986132437648261,
              "p75": 0.2218300000004092,
              "p99": 0.9325590000007651,
              "p995": 1.1309360000000197,
              "p999": 2.8945999999996275,
              "sampleCount": 2480,
              "median": 0.19256350000000566
            },
            {
              "id": "-1238384869_0_2",
              "name": "Resolve Async Node 10 times",
              "rank": 3,
              "rme": 5.012202965541415,
              "samples": [],
              "totalTime": 500.0358660000202,
              "min": 0.1262749999987136,
              "max": 8.837242999999944,
              "hz": 3767.729733210625,
              "period": 0.2654118184713483,