{
  "files": [
    {
      "filepath": "/home/circleci/.cache/bazel/_bazel_circleci/e8362d362e14c7d23506d1dfa3aea8b8/execroot/_main/bazel-out/k8-fastbuild/bin/plugins/async-node/core/core_vitest_bench_/core_vitest_bench.runfiles/_main/plugins/async-node/core/src/__tests__/index.bench.ts",
      "groups": [
        {
          "fullName": "plugins/async-node/core/src/__tests__/index.bench.ts > async node benchmarks",
          "benchmarks": [
            {
              "id": "-1369505163_0_0",
              "name": "Resolve Async Node 1 times",
              "rank": 1,
              "rme": 1.5934355497177155,
              "samples": [],
              "totalTime": 500.00851500000476,
              "min": 0.058708000000024185,
              "max": 1.3689070000000356,
              "hz": 8429.856439544754,
              "period": 0.11862598220640683,
              "mean": 0.11862598220640683,
              "variance": 0.003920252885307662,
              "sd": 0.06261192286863311,
              "sem": 0.0009644023324891316,
              "df": 4214,
              "critical": 1.96,
              "moe": 0.0018902285716786977,
              "p75": 0.12982499999998254,
              "p99": 0.26121899999998277,
              "p995": 0.3804920000000038,
              "p999": 0.9220900000000256,
              "sampleCount": 4215,
              "median": 0.11195199999974648
            },
            {
              "id": "-1369505163_0_1",
              "name": "Resolve Async Node 5 times",
              "rank": 2,
              "rme": 2.983012092108574,
              "samples": [],
              "totalTime": 500.02372400001605,
              "min": 0.066012000000228,
              "max": 6.468514000000141,
              "hz": 7761.631726097611,
              "period": 0.12883888791548984,
              "mean": 0.12883888791548984,
              "variance": 0.014922289550673356,
              "sd": 0.12215682359439999,
              "sem": 0.0019608569417639155,
              "df": 3880,
              "critical": 1.96,
              "moe": 0.0038432796058572743,
              "p75": 0.14003199999979188,
              "p99": 0.22695300000032148,
              "p995": 0.8448220000000219,
              "p999": 1.0135840000002645,
              "sampleCount": 3881,
              "median": 0.12455900000031761
            },
            {
              "id": "-1369505163_0_2",
              "name": "Resolve Async Node 10 times",
              "rank": 3,
              "rme": 1.855737465227435,
              "samples": [],
              "totalTime": 500.0391600000394,
              "min": 0.08490399999936926,
              "max": 0.9907410000005257,
              "hz": 7045.448200496383,
              "period": 0.14193561169458965,
              "mean": 0.14193561169458965,
              "variance": 0.006362331878769188,
              "sd": 0.07976422681107859,
              "sem": 0.001343853225875629,
              "df": 3522,
              "critical": 1.96,
              "moe": 0.002633952322716233,
              "p75": 0.16007399999944028,
              "p99": 0.7060579999997572,
              "p995": 0.8530510000000504,
              "p999": 0.9474330000002738,
              "sampleCount": 3523,
              "median": 0.13510599999972328
            },
            {
              "id": "-1369505163_0_3",
              "name": "Resolve Async Node 50 times",
              "rank": 4,
              "rme": 2.8902122783441073,
              "samples": [],
              "totalTime": 500.2196929999882,
              "min": 0.2682629999999335,
              "max": 4.5451910000010685,
              "hz": 2115.0706675597135,
              "period": 0.4727974413988546,
              "mean": 0.4727974413988546,
              "variance": 0.051426058989819404,
              "sd": 0.22677314433111212,
              "sem": 0.006971862093370655,
              "df": 1057,
              "critical": 1.96,
              "moe": 0.013664849703006483,
              "p75": 0.48445100000026287,
              "p99": 1.4773669999995036,
              "p995": 1.498475000000326,
              "p999": 1.840965999999753,
              "sampleCount": 1058,
              "median": 0.4503514999996696
            },
            {
              "id": "-1369505163_0_4",
              "name": "Resolve Async Node 100 times",
              "rank": 5,
              "rme": 3.8950790610686394,
              "samples": [],
              "totalTime": 500.20655700001953,
              "min": 0.4921200000026147,
              "max": 8.47657800000161,
              "hz": 1213.4986867034936,
              "period": 0.8240635205931129,
              "mean": 0.8240635205931129,
              "variance": 0.16279103396185693,
              "sd": 0.4034737091333919,
              "sem": 0.01637649267373847,
              "df": 606,
              "critical": 1.96,
              "moe": 0.0320979256405274,
              "p75": 0.854615999996895,
              "p99": 1.8232570000000123,
              "p995": 2.3008049999989453,
              "p999": 8.47657800000161,
              "sampleCount": 607,
              "median": 0.8005609999963781
            }
          ]
        }
      ]
    },
    {
      "filepath": "/home/circleci/.cache/bazel/_bazel_circleci/e8362d362e14c7d23506d1dfa3aea8b8/execroot/_main/bazel-out/k8-fastbuild/bin/plugins/async-node/core/core_vitest_bench_/core_vitest_bench.runfiles/_main/plugins/async-node/core/src/__tests__/transform.bench.ts",
      "groups": [
        {
          "fullName": "plugins/async-node/core/src/__tests__/transform.bench.ts > async transform benchmarks",
          "benchmarks": [
            {
              "id": "-1238384869_0_0",
              "name": "Resolve Async Node 1 times",
              "rank": 2,
              "rme": 5.074990463116793,
              "samples": [],
              "totalTime": 500.18564900001115,
              "min": 0.11327700000038021,
              "max": 11.789076999999907,
              "hz": 4526.31938666427,
              "period": 0.22093005697880352,
              "mean": 0.22093005697880352,
              "variance": 0.07408739928366606,
              "sd": 0.2721900058482421,
              "sem": 0.005720499653996313,
              "df": 2263,
              "critical": 1.96,
              "moe": 0.011212179321832773,
              "p75": 0.23626400000011927,
              "p99": 0.8411120000000665,
              "p995": 0.9651199999998425,
              "p999": 1.6637660000001233,
              "sampleCount": 2264,
              "median": 0.20625900000027286
            },
            {
              "id": "-1238384869_0_1",
              "name": "Resolve Async Node 5 times",
              "rank": 1,
              "rme": 1.1042527142857987,
              "samples": [],
              "totalTime": 500.09389099998725,
              "min": 0.1120759999994334,
              "max": 0.9928609999997207,
              "hz": 6374.80292675697,
              "period": 0.15686759441655812,
              "mean": 0.15686759441655812,
              "variance": 0.002490058751683313,
              "sd": 0.04990048849142975,
              "sem": 0.0008837829944794291,
              "df": 3187,
              "critical": 1.96,
              "moe": 0.001732214669179681,
              "p75": 0.1814650000005713,
              "p99": 0.25733299999956216,
              "p995": 0.2912530000003244,
              "p999": 0.7553729999999632,
              "sampleCount": 3188,
              "median": 0.1448059999997895
            },
            {
              "id": "-1238384869_0_2",
              "name": "Resolve Async Node 10 times",
              "rank": 3,
              "rme": 2.3779467089505872,
              "samples": [],
              "totalTime": 500.1315770000183,
              "min": 0.12163300000065647,
              "max": 2.5906150000000707,
              "hz": 4490.818223221122,
              "period": 0.2226765703472922,