{
  "files": [
    {
      "filepath": "/home/circleci/.cache/bazel/_bazel_circleci/e8362d362e14c7d23506d1dfa3aea8b8/execroot/_main/bazel-out/k8-fastbuild/bin/plugins/async-node/core/core_vitest_bench_/core_vitest_bench.runfiles/_main/plugins/async-node/core/src/__tests__/index.bench.ts",
      "groups": [
        {
          "fullName": "plugins/async-node/core/src/__tests__/index.bench.ts > async node benchmarks",
          "benchmarks": [
            {
              "id": "-1369505163_0_0",
              "name": "Resolve Async Node 1 times",
              "rank": 1,
              "rme": 1.5751243658224883,
              "samples": [],
              "totalTime": 500.1111569999905,
              "min": 0.047493000000031316,
              "max": 0.8485780000000887,
              "hz": 13415.017653765577,
              "period": 0.07454332344611574,
              "mean": 0.07454332344611574,
              "variance": 0.002407647215591894,
              "sd": 0.04906778184911046,
              "sem": 0.00059905614831308,
              "df": 6708,
              "critical": 1.96,
              "moe": 0.0011741500506936367,
              "p75": 0.07646900000008827,
              "p99": 0.19194599999991624,
              "p995": 0.5530919999998787,
              "p999": 0.741551999999956,
              "sampleCount": 6709,
              "median": 0.06494399999996858
            },
            {
              "id": "-1369505163_0_1",
              "name": "Resolve Async Node 5 times",
              "rank": 2,
              "rme": 1.5818359744015003,
              "samples": [],
              "totalTime": 500.0019560000005,
              "min": 0.05879399999957968,
              "max": 0.7749650000000656,
              "hz": 13201.948353978025,
              "period": 0.07574639539463726,
              "mean": 0.07574639539463726,
              "variance": 0.0024668595705193753,
              "sd": 0.04966749007670284,
              "sem": 0.0006113182304412109,
              "df": 6600,
              "critical": 1.96,
              "moe": 0.0011981837316647735,
              "p75": 0.07039299999996729,
              "p99": 0.19129000000020824,
              "p995": 0.5979519999996228,
              "p999": 0.6811200000001918,
              "sampleCount": 6601,
              "median": 0.06606400000055146
            },
            {
              "id": "-1369505163_0_2",
              "name": "Resolve Async Node 10 times",
              "rank": 3,
              "rme": 1.7931592376832197,
              "samples": [],
              "totalTime": 500.0873049999627,
              "min": 0.08057699999972101,
              "max": 0.895567999999912,
              "hz": 9642.316355141947,
              "period": 0.10370951990874383,
              "mean": 0.10370951990874383,
              "variance": 0.0043410024079108996,
              "sd": 0.06588628391335255,
              "sem": 0.000948814712551305,
              "df": 4821,
              "critical": 1.96,
              "moe": 0.001859676836600558,
              "p75": 0.09871300000031624,
              "p99": 0.6014679999998407,
              "p995": 0.6809620000003633,
              "p999": 0.8219590000007884,
              "sampleCount": 4822,
              "median": 0.08886350000011589
            },
            {
              "id": "-1369505163_0_3",
              "name": "Resolve Async Node 50 times",
              "rank": 4,
              "rme": 2.4176711724303837,
              "samples": [],
              "totalTime": 500.20048099997075,
              "min": 0.2384729999994306,
              "max": 2.2932289999989734,
              "hz": 3188.7214438726082,
              "period": 0.313605317241361,
              "mean": 0.313605317241361,
              "variance": 0.02386766008743048,
              "sd": 0.15449161817856163,
              "sem": 0.003868339464363896,
              "df": 1594,
              "critical": 1.96,
              "moe": 0.007581945350153236,
              "p75": 0.295404000000417,
              "p99": 1.0270559999989928,
              "p995": 1.1357039999966219,
              "p999": 1.8616320000000997,
              "sampleCount": 1595,
              "median": 0.27210099999865633
            },
            {
              "id": "-1369505163_0_4",
              "name": "Resolve Async Node 100 times",
              "rank": 5,
              "rme": 2.0307646575199483,
              "samples": [],
              "totalTime": 500.2184199999647,
              "min": 0.47075300000142306,
              "max": 1.4528419999987818,
              "hz": 1781.2218910292484,
              "period": 0.5614123681256619,
              "mean": 0.5614123681256619,
              "variance": 0.03014731970474383,
              "sd": 0.17362983529550396,
              "sem": 0.005816818344307004,
              "df": 890,
              "critical": 1.96,
              "moe": 0.011400963954841728,
              "p75": 0.5292390000031446,
              "p99": 1.283332999999402,
              "p995": 1.3254549999983283,
              "p999": 1.4528419999987818,
              "sampleCount": 891,
              "median": 0.5122329999940121
            }
          ]
        }
      ]
    },
    {
      "filepath": "/home/circleci/.cache/bazel/_bazel_circleci/e8362d362e14c7d23506d1dfa3aea8b8/execroot/_main/bazel-out/k8-fastbuild/bin/plugins/async-node/core/core_vitest_bench_/core_vitest_bench.runfiles/_main/plugins/async-node/core/src/__tests__/transform.bench.ts",
      "groups": [
        {
          "fullName": "plugins/async-node/core/src/__tests__/transform.bench.ts > async transform benchmarks",
          "benchmarks": [
            {
              "id": "-1238384869_0_0",
              "name": "Resolve Async Node 1 times",
              "rank": 3,
              "rme": 1.6389793684108953,
              "samples": [],
              "totalTime": 500.0959839999987,
              "min": 0.10701699999981429,
              "max": 1.0281170000000657,
              "hz": 6128.823462017659,
              "period": 0.16316345318107625,
              "mean": 0.16316345318107625,
              "variance": 0.005705728280451339,
              "sd": 0.07553627129036314,
              "sem": 0.0013643955787880668,
              "df": 3064,
              "critical": 1.96,
              "moe": 0.0026742153344246106,
              "p75": 0.1819470000000365,
              "p99": 0.5357890000000225,
              "p995": 0.8179379999999128,
              "p999": 0.9570690000000468,
              "sampleCount": 3065,
              "median": 0.14894100000037724
            },
            {
              "id": "-1238384869_0_1",
              "name": "Resolve Async Node 5 times",
              "rank": 1,
              "rme": 1.6127860662225133,
              "samples": [],
              "totalTime": 500.05059200000915,
              "min": 0.10765300000002753,
              "max": 1.0944870000002993,
              "hz": 6485.34378697414,
              "period": 0.1541938304039498,
              "mean": 0.1541938304039498,
              "variance": 0.005220622917064516,
              "sd": 0.07225387821469872,
              "sem": 0.0012687839855763652,
              "df": 3242,
              "critical": 1.96,
              "moe": 0.002486816611729676,
              "p75": 0.17388200000004872,
              "p99": 0.38790700000026845,
              "p995": 0.7086019999997006,
              "p999": 0.9009670000000369,
              "sampleCount": 3243,
              "median": 0.1300890000002255
            },
            {
              "id": "-1238384869_0_2",
              "name": "Resolve Async Node 10 times",
              "rank": 2,
              "rme": 1.9018161189437957,
              "samples": [],
              "totalTime": 500.0652090000176,
              "min": 0.12248399999953108,
              "max": 0.9998629999990953,
              "hz": 6337.173518503841,
              "period": 0.15779905616914408,