{
  "files": [
    {
      "filepath": "/home/circleci/.cache/bazel/_bazel_circleci/e8362d362e14c7d23506d1dfa3aea8b8/execroot/_main/bazel-out/k8-fastbuild/bin/plugins/async-node/core/core_vitest_bench_/core_vitest_bench.runfiles/_main/plugins/async-node/core/src/__tests__/index.bench.ts",
      "groups": [
        {
          "fullName": "plugins/async-node/core/src/__tests__/index.bench.ts > async node benchmarks",
          "benchmarks": [
            {
              "id": "-1369505163_0_0",
              "name": "Resolve Async Node 1 times",
              "rank": 1,
              "rme": 2.3157904977720833,
              "samples": [],
              "totalTime": 500.03816799999163,
              "min": 0.05037399999991976,
              "max": 3.691137000000026,
              "hz": 11655.110295500677,
              "period": 0.08579927385037606,
              "mean": 0.08579927385037606,
              "variance": 0.005989259909578563,
              "sd": 0.07739030888669823,
              "sem": 0.0010137405260124779,
              "df": 5827,
              "critical": 1.96,
              "moe": 0.001986931430984457,
              "p75": 0.09118899999998575,
              "p99": 0.2204150000000027,
              "p995": 0.5859439999999267,
              "p999": 0.9716690000000199,
              "sampleCount": 5828,
              "median": 0.06896850000009636
            },
            {
              "id": "-1369505163_0_1",
              "name": "Resolve Async Node 5 times",
              "rank": 2,
              "rme": 1.9955536663035887,
              "samples": [],
              "totalTime": 500.0622840000083,
              "min": 0.05830100000002858,
              "max": 2.1737389999998413,
              "hz": 11190.606008590537,
              "period": 0.08936066547534101,
              "mean": 0.08936066547534101,
              "variance": 0.004632177313614678,
              "sd": 0.0680601007464335,
              "sem": 0.0009098163449624758,
              "df": 5595,
              "critical": 1.96,
              "moe": 0.0017832400361264525,
              "p75": 0.10308299999996962,
              "p99": 0.16866299999992407,
              "p995": 0.6271779999997307,
              "p999": 0.8796010000000933,
              "sampleCount": 5596,
              "median": 0.0710790000000543
            },
            {
              "id": "-1369505163_0_2",
              "name": "Resolve Async Node 10 times",
              "rank": 3,
              "rme": 1.0536328456051394,
              "samples": [],
              "totalTime": 500.0534069999949,
              "min": 0.08105600000089908,
              "max": 1.060099999999693,
              "hz": 7935.152414630065,
              "period": 0.12602152394153096,
              "mean": 0.12602152394153096,
              "variance": 0.0018210739268479928,
              "sd": 0.04267404277600135,
              "sem": 0.0006774511065204666,
              "df": 3967,
              "critical": 1.96,
              "moe": 0.0013278041687801146,
              "p75": 0.15562599999975646,
              "p99": 0.20358699999997043,
              "p995": 0.21084700000028533,
              "p999": 0.6494339999999283,
              "sampleCount": 3968,
              "median": 0.12472299999990355
            },
            {
              "id": "-1369505163_0_3",
              "name": "Resolve Async Node 50 times",
              "rank": 4,
              "rme": 2.075524237217449,
              "samples": [],
              "totalTime": 500.03797000003397,
              "min": 0.23650400000042282,
              "max": 2.8706899999997404,
              "hz": 3151.7606552956227,
              "period": 0.3172829758883464,
              "mean": 0.3172829758883464,
              "variance": 0.017790707912601192,
              "sd": 0.13338181252555084,
              "sem": 0.0033598393189425636,
              "df": 1575,
              "critical": 1.96,
              "moe": 0.006585285065127425,
              "p75": 0.3049030000001949,
              "p99": 0.9721140000001469,
              "p995": 1.0541750000011234,
              "p999": 1.3212810000004538,
              "sampleCount": 1576,
              "median": 0.2778069999985746
            },
            {
              "id": "-1369505163_0_4",
              "name": "Resolve Async Node 100 times",
              "rank": 5,
              "rme": 2.3453203627456065,
              "samples": [],
              "totalTime": 500.2291160000532,
              "min": 0.46349300000292715,
              "max": 2.1196149999959744,
              "hz": 1653.2424314139923,
              "period": 0.6048719661427487,
              "mean": 0.6048719661427487,
              "variance": 0.04332360913597948,
              "sd": 0.20814324186958238,
              "sem": 0.007237849689023264,
              "df": 826,
              "critical": 1.96,
              "moe": 0.014186185390485597,
              "p75": 0.6357710000011139,
              "p99": 1.3371659999975236,
              "p995": 1.6195890000017243,
              "p999": 2.1196149999959744,
              "sampleCount": 827,
              "median": 0.5135089999967022
            }
          ]
        }
      ]
    },
    {
      "filepath": "/home/circleci/.cache/bazel/_bazel_circleci/e8362d362e14c7d23506d1dfa3aea8b8/execroot/_main/bazel-out/k8-fastbuild/bin/plugins/async-node/core/core_vitest_bench_/core_vitest_bench.runfiles/_main/plugins/async-node/core/src/__tests__/transform.bench.ts",
      "groups": [
        {
          "fullName": "plugins/async-node/core/src/__tests__/transform.bench.ts > async transform benchmarks",
          "benchmarks": [
            {
              "id": "-1238384869_0_0",
              "name": "Resolve Async Node 1 times",
              "rank": 3,
              "rme": 1.6816002967596424,
              "samples": [],
              "totalTime": 500.06862799998953,
              "min": 0.1042459999998755,
              "max": 0.9317790000000059,
              "hz": 6799.066787289185,
              "period": 0.14707900823529105,
              "mean": 0.14707900823529105,
              "variance": 0.005413943391305194,
              "sd": 0.0735795038805318,
              "sem": 0.0012618780810998943,
              "df": 3399,
              "critical": 1.96,
              "moe": 0.002473281038955793,
              "p75": 0.14981699999998455,
              "p99": 0.6217219999998633,
              "p995": 0.7002070000000913,
              "p999": 0.8912599999998747,
              "sampleCount": 3400,
              "median": 0.12198000000000775
            },
            {
              "id": "-1238384869_0_1",
              "name": "Resolve Async Node 5 times",
              "rank": 1,
              "rme": 1.4405694615122038,
              "samples": [],
              "totalTime": 500.08345899999813,
              "min": 0.10415899999952671,
              "max": 0.9598449999998593,
              "hz": 7476.751995510441,
              "period": 0.133747916287777,
              "mean": 0.133747916287777,
              "variance": 0.0036131482370611334,
              "sd": 0.06010946878039377,
              "sem": 0.0009830263456380725,
              "df": 3738,
              "critical": 1.96,
              "moe": 0.0019267316374506221,
              "p75": 0.13324899999952322,
              "p99": 0.5905130000001009,
              "p995": 0.643282999999883,
              "p999": 0.8031820000001062,
              "sampleCount": 3739,
              "median": 0.1199890000002597
            },
            {
              "id": "-1238384869_0_2",
              "name": "Resolve Async Node 10 times",
              "rank": 2,
              "rme": 1.5662669759052075,
              "samples": [],
              "totalTime": 500.1101689999832,
              "min": 0.11604399999941961,
              "max": 0.8974299999990762,
              "hz": 7088.438147715646,
              "period": 0.14107480084625762,